"U:0","U:1","U:2","k","nut","omega","p","vtkValidPointMask","arc_length","Points:0","Points:1","Points:2"
3.5235,1.9143,1.7128e-20,0.0046469,1.6e-05,52.876,0.32266,1,0,-0.05,0.05001,0
3.5327,1.9249,1.0017e-20,0.0046675,1.5955e-05,53.597,0.26932,1,0.0003,-0.0497,0.05001,0
3.5421,1.9354,4.7465e-21,0.0046881,1.5909e-05,54.319,0.21538,1,0.0006,-0.0494,0.05001,0
3.5517,1.946,1.3345e-21,0.0047088,1.5864e-05,55.041,0.16084,1,0.0009,-0.0491,0.05001,0
3.5615,1.9567,8.2725e-23,0.0047297,1.5819e-05,55.796,0.10517,1,0.0012,-0.0488,0.05001,0
3.5715,1.9677,-1.7216e-22,0.004751,1.5775e-05,56.609,0.048002,1,0.0015,-0.0485,0.05001,0
3.5817,1.9782,-3.0428e-21,0.0047722,1.5733e-05,57.413,-0.0093246,1,0.0018,-0.0482,0.05001,0
3.592,1.9886,-2.6028e-21,0.0047935,1.5692e-05,58.218,-0.067213,1,0.0021,-0.0479,0.05001,0
3.6025,1.999,1.7765e-21,0.0048149,1.5651e-05,59.024,-0.12573,1,0.0024,-0.0476,0.05001,0
3.6133,2.0097,3.7081e-21,0.00484,1.5618e-05,59.91,-0.18612,1,0.0027,-0.0473,0.05001,0
3.6242,2.0205,7.5359e-21,0.0048659,1.5587e-05,60.815,-0.24741,1,0.003,-0.047,0.05001,0
3.6353,2.0308,1.5327e-20,0.004892,1.5559e-05,61.71,-0.30878,1,0.0033,-0.0467,0.05001,0
3.6466,2.041,2.534e-20,0.0049183,1.5533e-05,62.605,-0.37072,1,0.0036,-0.0464,0.05001,0
3.658,2.0513,3.5072e-20,0.0049457,1.5508e-05,63.542,-0.4339,1,0.0039,-0.0461,0.05001,0
3.6698,2.0619,4.2584e-20,0.0049748,1.5487e-05,64.545,-0.49873,1,0.0042,-0.0458,0.05001,0
3.6817,2.0724,5.155e-20,0.0050042,1.5466e-05,65.551,-0.56423,1,0.0045,-0.0455,0.05001,0
3.6937,2.0823,6.1846e-20,0.0050337,1.5449e-05,66.545,-0.62963,1,0.0048,-0.0452,0.05001,0
3.706,2.0923,8.1955e-20,0.0050634,1.5432e-05,67.541,-0.6957,1,0.0051,-0.0449,0.05001,0
3.7185,2.1025,7.2106e-20,0.0050935,1.5413e-05,68.655,-0.76407,1,0.0054,-0.0446,0.05001,0
3.7313,2.1128,5.7852e-20,0.0051238,1.5395e-05,69.775,-0.83318,1,0.0057,-0.0443,0.05001,0
3.7442,2.1228,4.0018e-20,0.0051542,1.5378e-05,70.893,-0.90271,1,0.006,-0.044,0.05001,0
3.7572,2.1324,2.8317e-20,0.0051847,1.5364e-05,72.001,-0.97228,1,0.0063,-0.0437,0.05001,0
3.7706,2.1422,9.5305e-21,0.0052178,1.5353e-05,73.201,-1.0437,1,0.0066,-0.0434,0.05001,0
3.7842,2.1521,-2.3374e-20,0.0052522,1.5346e-05,74.451,-1.1164,1,0.0069,-0.0431,0.05001,0
3.798,2.1619,-6.4127e-20,0.0052868,1.5338e-05,75.704,-1.1898,1,0.0072,-0.0428,0.05001,0
3.8119,2.1713,-9.5508e-20,0.0053214,1.5333e-05,76.946,-1.2632,1,0.0075,-0.0425,0.05001,0
3.826,2.1806,-8.2147e-20,0.0053576,1.5331e-05,78.245,-1.3377,1,0.0078,-0.0422,0.05001,0
3.8405,2.1901,-3.2865e-20,0.0053965,1.5334e-05,79.643,-1.414,1,0.0081,-0.0419,0.05001,0
3.8552,2.1995,5.0133e-21,0.0054355,1.5337e-05,81.045,-1.4911,1,0.0084,-0.0416,0.05001,0
3.87,2.2087,2.7286e-20,0.0054746,1.5341e-05,82.445,-1.5686,1,0.0087,-0.0413,0.05001,0
3.885,2.2175,3.6182e-20,0.0055145,1.5348e-05,83.859,-1.6461,1,0.009,-0.041,0.05001,0
3.9003,2.2265,3.6972e-20,0.0055602,1.5366e-05,85.425,-1.726,1,0.0093,-0.0407,0.05001,0
3.9159,2.2354,2.8387e-20,0.0056063,1.5385e-05,86.994,-1.8067,1,0.0096,-0.0404,0.05001,0
3.9317,2.2443,1.0346e-20,0.0056528,1.5404e-05,88.567,-1.8881,1,0.0099,-0.0401,0.05001,0
3.9475,2.2525,-9.8204e-21,0.0056992,1.5427e-05,90.12,-1.9689,1,0.0102,-0.0398,0.05001,0
3.9637,2.2609,-2.8022e-20,0.0057494,1.5454e-05,91.869,-2.0523,1,0.0105,-0.0395,0.05001,0
3.9802,2.2693,-5.2286e-20,0.0058,1.5482e-05,93.623,-2.1365,1,0.0108,-0.0392,0.05001,0
3.9968,2.2776,-8.2683e-20,0.005851,1.5511e-05,95.381,-2.2214,1,0.0111,-0.0389,0.05001,0
4.0136,2.2853,-6.7963e-20,0.0059023,1.5542e-05,97.123,-2.3061,1,0.0114,-0.0386,0.05001,0
4.0307,2.2931,-3.8677e-21,0.005958,1.5581e-05,99.049,-2.3926,1,0.0117,-0.0383,0.05001,0
4.048,2.3008,2.9846e-20,0.0060151,1.5621e-05,101,-2.4802,1,0.012,-0.038,0.05001,0
4.0656,2.3084,2.7421e-20,0.0060729,1.5663e-05,102.97,-2.5686,1,0.0123,-0.0377,0.05001,0
4.0832,2.3155,-2.057e-20,0.0061314,1.5707e-05,104.91,-2.6568,1,0.0126,-0.0374,0.05001,0
4.1011,2.3225,-6.913e-20,0.0062038,1.5778e-05,107.04,-2.7465,1,0.0129,-0.0371,0.05001,0
4.1193,2.3295,-1.0541e-19,0.0062807,1.5857e-05,109.22,-2.8374,1,0.0132,-0.0368,0.05001,0
4.1378,2.3364,-1.3303e-19,0.0063589,1.5938e-05,111.4,-2.9291,1,0.0135,-0.0365,0.05001,0
4.1563,2.3428,-1.3716e-19,0.0064381,1.6022e-05,113.57,-3.0206,1,0.0138,-0.0362,0.05001,0
4.1751,2.3489,-9.5111e-20,0.0065282,1.6126e-05,115.91,-3.1134,1,0.0141,-0.0359,0.05001,0
4.1941,2.3551,-7.6428e-20,0.0066224,1.6235e-05,118.32,-3.2074,1,0.0144,-0.0356,0.05001,0
4.2135,2.3611,-9.6433e-20,0.0067174,1.6345e-05,120.74,-3.3022,1,0.0147,-0.0353,0.05001,0
4.2328,2.3666,-1.1603e-19,0.0068129,1.6459e-05,123.14,-3.3967,1,0.015,-0.035,0.05001,0
4.2524,2.3718,-5.7963e-20,0.006915,1.658e-05,125.71,-3.4923,1,0.0153,-0.0347,0.05001,0
4.2723,2.377,2.2469e-20,0.0070207,1.6704e-05,128.35,-3.5893,1,0.0156,-0.0344,0.05001,0
4.2924,2.3821,1.1239e-19,0.007128,1.6832e-05,131,-3.6871,1,0.0159,-0.0341,0.05001,0
4.3125,2.3865,1.9587e-19,0.0072367,1.6965e-05,133.63,-3.784,1,0.0162,-0.0338,0.05001,0
4.3329,2.3908,1.7882e-19,0.0073693,1.7136e-05,136.45,-3.8824,1,0.0165,-0.0335,0.05001,0
4.3536,2.395,1.1722e-19,0.0075119,1.7323e-05,139.34,-3.9821,1,0.0168,-0.0332,0.05001,0
4.3745,2.399,3.3245e-20,0.007658,1.7516e-05,142.24,-4.0825,1,0.0171,-0.0329,0.05001,0
4.3953,2.4022,-4.8781e-20,0.0078074,1.7721e-05,145.1,-4.1813,1,0.0174,-0.0326,0.05001,0
4.4164,2.4054,-8.3755e-20,0.0079918,1.7982e-05,148.2,-4.2822,1,0.0177,-0.0323,0.05001,0
4.4378,2.4085,-9.8698e-20,0.0081867,1.826e-05,151.37,-4.3843,1,0.018,-0.032,0.05001,0
4.4595,2.4113,-9.2513e-20,0.0083851,1.8545e-05,154.53,-4.4867,1,0.0183,-0.0317,0.05001,0
4.4809,2.4133,-3.8544e-20,0.0085854,1.8842e-05,157.64,-4.5871,1,0.0186,-0.0314,0.05001,0
4.5027,2.4153,-1.0194e-21,0.0088066,1.9162e-05,161.04,-4.6903,1,0.0189,-0.0311,0.05001,0
4.5249,2.4172,8.0613e-21,0.0090326,1.949e-05,164.48,-4.7945,1,0.0192,-0.0308,0.05001,0
4.547,2.4185,-5.7454e-20,0.0092599,1.9825e-05,167.9,-4.8977,1,0.0195,-0.0305,0.05001,0
4.569,2.4192,-1.9324e-19,0.0094882,2.0167e-05,171.29,-4.9998,1,0.0198,-0.0302,0.05001,0
4.5916,2.4199,-2.3573e-19,0.0097278,2.0506e-05,175.02,-5.1048,1,0.0201,-0.0299,0.05001,0
4.6144,2.4205,-2.4803e-19,0.0099705,2.0851e-05,178.77,-5.2106,1,0.0204,-0.0296,0.05001,0
4.6368,2.4202,-1.145e-19,0.010213,2.1207e-05,182.45,-5.3137,1,0.0207,-0.0293,0.05001,0
4.6595,2.4195,5.7861e-20,0.010458,2.157e-05,186.16,-5.4173,1,0.021,-0.029,0.05001,0
4.6827,2.419,1.2627e-19,0.010724,2.1944e-05,190.23,-5.5237,1,0.0213,-0.0287,0.05001,0
4.7058,2.4178,8.5027e-20,0.010992,2.2327e-05,194.27,-5.629,1,0.0216,-0.0284,0.05001,0
4.7287,2.416,-6.3343e-20,0.011262,2.2719e-05,198.27,-5.7327,1,0.0219,-0.0281,0.05001,0
4.7519,2.414,-2.4569e-19,0.011539,2.3124e-05,202.33,-5.8372,1,0.0222,-0.0278,0.05001,0
4.7756,2.412,-2.4511e-19,0.011846,2.3566e-05,206.76,-5.9444,1,0.0225,-0.0275,0.05001,0
4.7987,2.409,-6.3605e-20,0.012152,2.4019e-05,211.11,-6.048,1,0.0228,-0.0272,0.05001,0
4.8221,2.4057,1.0619e-19,0.012461,2.448e-05,215.46,-6.1519,1,0.0231,-0.0269,0.05001,0
4.8458,2.4022,2.4595e-19,0.012783,2.4962e-05,219.92,-6.2569,1,0.0234,-0.0266,0.05001,0
4.8694,2.3982,1.921e-19,0.013134,2.5498e-05,224.68,-6.3616,1,0.0237,-0.0263,0.05001,0
4.8929,2.3936,7.3934e-21,0.013486,2.604e-05,229.4,-6.4649,1,0.024,-0.026,0.05001,0
4.9166,2.3887,-2.4913e-19,0.013841,2.6588e-05,234.13,-6.5686,1,0.0243,-0.0257,0.05001,0
4.9403,2.3835,-4.2307e-19,0.01421,2.716e-05,238.98,-6.6721,1,0.0246,-0.0254,0.05001,0
4.9638,2.3776,-2.4881e-19,0.014604,2.7784e-05,244.12,-6.7742,1,0.0249,-0.0251,0.05001,0
4.9875,2.3713,-1.031e-19,0.015002,2.8413e-05,249.27,-6.8767,1,0.0252,-0.0248,0.05001,0
5.0115,2.3648,1.3861e-20,0.015402,2.9047e-05,254.43,-6.9794,1,0.0255,-0.0245,0.05001,0
5.0347,2.3574,1.1329e-19,0.015811,2.9708e-05,259.62,-7.0782,1,0.0258,-0.0242,0.05001,0
5.0583,2.3498,1.4178e-19,0.016249,3.0411e-05,265.2,-7.1789,1,0.0261,-0.0239,0.05001,0
5.082,2.3419,1.3784e-19,0.01669,3.1118e-05,270.79,-7.2798,1,0.0264,-0.0236,0.05001,0
5.1052,2.3331,1.8578e-20,0.017127,3.1838e-05,276.29,-7.3767,1,0.0267,-0.0233,0.05001,0
5.1283,2.324,-1.1372e-19,0.01758,3.2582e-05,281.98,-7.4734,1,0.027,-0.023,0.05001,0
5.1519,2.3146,-1.9703e-19,0.018065,3.3364e-05,288.11,-7.5718,1,0.0273,-0.0227,0.05001,0
5.1749,2.3046,-1.9046e-19,0.018546,3.4158e-05,294.12,-7.667,1,0.0276,-0.0224,0.05001,0
5.1976,2.2939,-1.0567e-19,0.019027,3.4963e-05,300.07,-7.7599,1,0.0279,-0.0221,0.05001,0
5.2205,2.283,-2.7625e-20,0.019524,3.5792e-05,306.24,-7.8536,1,0.0282,-0.0218,0.05001,0
5.2432,2.2716,6.0555e-20,0.020053,3.6682e-05,312.87,-7.9462,1,0.0285,-0.0215,0.05001,0
5.2654,2.2595,1.0554e-19,0.020581,3.7593e-05,319.42,-8.0356,1,0.0288,-0.0212,0.05001,0
5.2878,2.2471,8.1255e-20,0.021112,3.8516e-05,326,-8.1249,1,0.0291,-0.0209,0.05001,0
5.3098,2.2342,2.8823e-20,0.021641,3.9465e-05,332.65,-8.2122,1,0.0294,-0.0206,0.05001,0
5.3313,2.2207,1.7898e-20,0.022148,4.0472e-05,339.96,-8.2973,1,0.0297,-0.0203,0.05001,0
5.3529,2.2068,3.5444e-22,0.022645,4.1486e-05,347.33,-8.3823,1,0.03,-0.02,0.05001,0
5.3742,2.1924,-5.5177e-20,0.023132,4.2522e-05,354.67,-8.465,1,0.0303,-0.0197,0.05001,0
5.3946,2.1774,-1.9611e-19,0.023612,4.3605e-05,361.92,-8.543,1,0.0306,-0.0194,0.05001,0
5.4149,2.1618,-1.7436e-19,0.023817,4.4632e-05,371.35,-8.6229,1,0.0309,-0.0191,0.05001,0
5.4347,2.1458,-1.2471e-19,0.023975,4.5668e-05,380.98,-8.7003,1,0.0312,-0.0188,0.05001,0
5.4536,2.1291,-9.6694e-20,0.024093,4.6726e-05,390.65,-8.7729,1,0.0315,-0.0185,0.05001,0
5.4725,2.1121,-1.0261e-19,0.024184,4.78e-05,400.57,-8.845,1,0.0318,-0.0182,0.05001,0
5.49,2.0942,-1.027e-19,0.024021,4.8135e-05,415.81,-8.9155,1,0.0321,-0.0179,0.05001,0
5.506,2.0755,-4.6791e-20,0.0237,4.787e-05,434.41,-8.9817,1,0.0324,-0.0176,0.05001,0
5.5219,2.0564,5.5278e-21,0.02336,4.7373e-05,453.87,-9.0474,1,0.0327,-0.0173,0.05001,0
5.537,2.0368,4.844e-20,0.023026,4.6657e-05,474.13,-9.1097,1,0.033,-0.017,0.05001,0
5.5507,2.0166,7.2245e-20,0.022686,4.539e-05,499.9,-9.1673,1,0.0333,-0.0167,0.05001,0
5.5614,1.995,4.8742e-20,0.022153,4.2006e-05,553.23,-9.2258,1,0.0336,-0.0164,0.05001,0
5.5711,1.9729,1.3651e-20,0.02163,3.8416e-05,609.08,-9.2799,1,0.0339,-0.0161,0.05001,0
5.5797,1.9504,-1.7432e-20,0.021113,3.4691e-05,667.79,-9.3296,1,0.0342,-0.0158,0.05001,0
5.5879,1.9276,-3.596e-20,0.020578,3.0829e-05,730.05,-9.3786,1,0.0345,-0.0155,0.05001,0
5.5887,1.9023,-4.5455e-20,0.020068,2.7082e-05,846.67,-9.4227,1,0.0348,-0.0152,0.05001,0
5.5816,1.8744,-3.4196e-20,0.019626,2.3601e-05,1023,-9.4636,1,0.0351,-0.0149,0.05001,0
5.5727,1.8458,9.5021e-21,0.019213,2.02e-05,1209.6,-9.5035,1,0.0354,-0.0146,0.05001,0
5.5611,1.8168,4.6979e-20,0.018862,1.6993e-05,1404,-9.5369,1,0.0357,-0.0143,0.05001,0
5.5472,1.7871,1.1417e-19,0.018568,1.3931e-05,1608.8,-9.5675,1,0.036,-0.014,0.05001,0
5.5077,1.7489,1.8909e-19,0.01869,1.1674e-05,1972,-9.5965,1,0.0363,-0.0137,0.05001,0
5.4451,1.7043,1.5971e-19,0.019148,1.0148e-05,2457.1,-9.6171,1,0.0366,-0.0134,0.05001,0
5.3773,1.6585,1.5409e-19,0.019624,8.7017e-06,2959.7,-9.636,1,0.0369,-0.0131,0.05001,0
5.3044,1.6114,1.7589e-19,0.020118,7.339e-06,3478.9,-9.6525,1,0.0372,-0.0128,0.05001,0
5.2254,1.564,1.8574e-19,0.020615,6.0964e-06,4002.9,-9.6617,1,0.0375,-0.0125,0.05001,0
5.1215,1.5092,1.5084e-19,0.021078,5.0495e-06,4631,-9.6684,1,0.0378,-0.0122,0.05001,0
4.9486,1.4345,5.4987e-20,0.021344,4.4712e-06,5534.2,-9.6677,1,0.0381,-0.0119,0.05001,0
4.7705,1.3603,5.1699e-20,0.021498,3.9365e-06,6411.1,-9.6614,1,0.0384,-0.0116,0.05001,0
4.585,1.285,7.7219e-20,0.021546,3.4338e-06,7287.1,-9.6534,1,0.0387,-0.0113,0.05001,0
4.3937,1.2101,8.0095e-20,0.021475,2.9826e-06,8133.4,-9.6405,1,0.039,-0.011,0.05001,0
4.1962,1.1354,6.1169e-20,0.021283,2.5717e-06,8955.6,-9.6238,1,0.0393,-0.0107,0.05001,0
3.9619,1.0515,1.0327e-19,0.020522,2.2232e-06,9953.6,-9.6028,1,0.0396,-0.0104,0.05001,0
3.6815,0.95857,1.1304e-19,0.01895,1.9645e-06,11148,-9.5725,1,0.0399,-0.0101,0.05001,0
3.4002,0.8674,1.9013e-20,0.017306,1.7125e-06,12287,-9.5404,1,0.0402,-0.0098,0.05001,0
3.1181,0.77797,-1.3627e-19,0.015594,1.4669e-06,13371,-9.5066,1,0.0405,-0.0095,0.05001,0
2.8434,0.69413,-1.4023e-19,0.013892,1.2411e-06,14326,-9.4691,1,0.0408,-0.0092,0.05001,0
2.5676,0.61152,-1.3514e-19,0.012121,1.0172e-06,15238,-9.4306,1,0.0411,-0.0089,0.05001,0
2.2961,0.53253,-1.1353e-19,0.010332,8.0268e-07,16060,-9.3903,1,0.0414,-0.0086,0.05001,0
2.0347,0.4607,-7.4133e-20,0.0088199,6.5164e-07,19289,-9.3463,1,0.0417,-0.0083,0.05001,0
1.7827,0.39383,-5.5037e-20,0.0074965,5.4219e-07,24265,-9.3004,1,0.042,-0.008,0.05001,0
1.5496,0.33434,-6.9378e-20,0.0062856,4.4557e-07,28869,-9.2542,1,0.0423,-0.0077,0.05001,0
1.3292,0.27955,-7.4859e-20,0.0051464,3.572e-07,33342,-9.2076,1,0.0426,-0.0074,0.05001,0
1.1188,0.22835,-6.1568e-20,0.0040562,2.7511e-07,37791,-9.1607,1,0.0429,-0.0071,0.05001,0
0.93169,0.18497,2.1162e-20,0.0031402,2.062e-07,41777,-9.1147,1,0.0432,-0.0068,0.05001,0
0.75362,0.14454,1.3333e-19,0.0022798,1.4285e-07,45770,-9.0685,1,0.0435,-0.0065,0.05001,0
0.59082,0.10886,1.601e-19,0.0015262,8.7786e-08,49580,-9.0229,1,0.0438,-0.0062,0.05001,0
0.44642,0.078614,-2.9708e-20,0.0009114,4.2289e-08,53102,-8.9784,1,0.0441,-0.0059,0.05001,0
0.36529,0.062649,-3.4877e-19,0.00069929,3.2493e-08,56424,-8.9332,1,0.0444,-0.0056,0.05001,0
0.2976,0.050212,-7.2197e-19,0.00055941,2.6355e-08,59420,-8.8903,1,0.0447,-0.0053,0.05001,0
0.23627,0.039376,-1.1506e-18,0.00044352,2.1249e-08,62315,-8.848,1,0.045,-0.005,0.05001,0
0.17985,0.029675,-1.5749e-18,0.0003389,1.6805e-08,65187,-8.806,1,0.0453,-0.0047,0.05001,0
0.13395,0.022504,-1.2877e-18,0.00028882,1.391e-08,67660,-8.7672,1,0.0456,-0.0044,0.05001,0
0.09136,0.016011,-9.6677e-19,0.00024422,1.1268e-08,70148,-8.7283,1,0.0459,-0.0041,0.05001,0
0.054991,0.010828,-6.6121e-19,0.00021871,9.1892e-09,72444,-8.6911,1,0.0462,-0.0038,0.05001,0
0.024806,0.006915,-3.5913e-19,0.0002141,7.6221e-09,74500,-8.6559,1,0.0465,-0.0035,0.05001,0
-0.0029491,0.003446,7.384e-21,0.0002136,6.1534e-09,76568,-8.6207,1,0.0468,-0.0032,0.05001,0
-0.024048,0.001224,1.6851e-20,0.00022478,5.079e-09,78265,-8.5888,1,0.0471,-0.0029,0.05001,0
-0.042511,-0.00054335,-3.944e-20,0.00024045,4.1116e-09,79888,-8.5575,1,0.0474,-0.0026,0.05001,0
-0.058489,-0.0019134,-3.9178e-20,0.00025856,3.2272e-09,81428,-8.5269,1,0.0477,-0.0023,0.05001,0
-0.069755,-0.0025442,1.1029e-19,0.00027774,2.5642e-09,82597,-8.4994,1,0.048,-0.002,0.05001,0
-0.080024,-0.0030371,2.5708e-19,0.00029867,1.9297e-09,83770,-8.472,1,0.0483,-0.0017,0.05001,0
-0.087623,-0.0031256,3.048e-19,0.00031772,1.4398e-09,84679,-8.4467,1,0.0486,-0.0014,0.05001,0
-0.093365,-0.0029433,2.7897e-19,0.00033521,1.0637e-09,85387,-8.423,1,0.0489,-0.0011,0.05001,0
-0.09861,-0.0027078,2.5203e-19,0.00035368,7.1401e-10,86099,-8.3994,1,0.0492,-0.0008,0.05001,0
-0.1019,-0.0022705,1.3035e-19,0.00036848,5.8109e-10,86395,-8.3783,1,0.0495,-0.0005,0.05001,0
-0.10496,-0.001814,2.6097e-21,0.0003833,4.6532e-10,86670,-8.3574,1,0.0498,-0.0002,0.05001,0
-0.10746,-0.0014421,-7.4274e-20,0.00039629,3.9109e-10,86865,-8.338,1,0.0501,0.0001,0.05001,0
-0.10904,-0.001257,-4.7216e-20,0.0004052,3.881e-10,86897,-8.3216,1,0.0504,0.0004,0.05001,0
-0.11062,-0.0010719,-2.0157e-20,0.00041411,3.851e-10,86929,-8.3052,1,0.0507,0.0007,0.05001,0
-0.11198,-0.0009265,2.4617e-34,0.00042183,3.8391e-10,86952,-8.2893,1,0.051,0.001,0.05001,0
-0.1127,-0.00089732,1.5963e-34,0.0004261,3.8801e-10,86952,-8.2747,1,0.0513,0.0013,0.05001,0
-0.11343,-0.00086814,7.3097e-35,0.00043037,3.9211e-10,86951,-8.2601,1,0.0516,0.0016,0.05001,0
-0.11408,-0.00083749,0,0.00043422,3.9661e-10,86950,-8.2457,1,0.0519,0.0019,0.05001,0
-0.11432,-0.00079882,0,0.00043574,4.0323e-10,86950,-8.2331,1,0.0522,0.0022,0.05001,0
-0.11456,-0.00076015,0,0.00043727,4.0986e-10,86950,-8.2204,1,0.0525,0.0025,0.05001,0
-0.11479,-0.00072121,0,0.00043879,4.166e-10,86950,-8.2077,1,0.0528,0.0028,0.05001,0
-0.11495,-0.00067467,0,0.00044026,4.2662e-10,86950,-8.1966,1,0.0531,0.0031,0.05001,0
-0.11511,-0.00062814,0,0.00044172,4.3664e-10,86950,-8.1854,1,0.0534,0.0034,0.05001,0
-0.11526,-0.0005816,0,0.00044318,4.4665e-10,86950,-8.1743,1,0.0537,0.0037,0.05001,0
-0.11564,-0.00051189,0,0.00044701,4.6379e-10,86950,-8.1642,1,0.054,0.004,0.05001,0
-0.11604,-0.00043934,0,0.00045113,4.8179e-10,86950,-8.1543,1,0.0543,0.0043,0.05001,0
-0.11645,-0.00036679,0,0.00045525,4.998e-10,86950,-8.1444,1,0.0546,0.0046,0.05001,0
-0.11727,-0.00027592,0,0.00046334,5.2748e-10,86950,-8.1351,1,0.0549,0.0049,0.05001,0
-0.11824,-0.0001781,0,0.00047294,5.5883e-10,86951,-8.1261,1,0.0552,0.0052,0.05001,0
-0.11922,-8.0295e-05,0,0.00048254,5.9018e-10,86951,-8.1171,1,0.0555,0.0055,0.05001,0
-0.12059,1.7926e-05,0,0.00049579,6.2811e-10,86951,-8.1083,1,0.0558,0.0058,0.05001,0
-0.12229,0.0001165,0,0.00051218,6.717e-10,86952,-8.0998,1,0.0561,0.0061,0.05001,0
-0.12399,0.00021507,0,0.00052856,7.1528e-10,86952,-8.0913,1,0.0564,0.0064,0.05001,0
-0.12589,0.00030558,0,0.0005471,7.6219e-10,86952,-8.0828,1,0.0567,0.0067,0.05001,0
-0.12823,0.00037957,0,0.00057005,8.1591e-10,86953,-8.0745,1,0.057,0.007,0.05001,0
-0.13057,0.00045357,0,0.00059301,8.6962e-10,86953,-8.0661,1,0.0573,0.0073,0.05001,0
-0.13295,0.00052528,0,0.00061651,9.2414e-10,86953,-8.0577,1,0.0576,0.0076,0.05001,0
-0.13574,0.00057564,0,0.00064524,9.8615e-10,86954,-8.0493,1,0.0579,0.0079,0.05001,0
-0.13854,0.000626,0,0.00067396,1.0482e-09,86954,-8.0408,1,0.0582,0.0082,0.05001,0
-0.14133,0.00067636,0,0.00070268,1.1102e-09,86954,-8.0323,1,0.0585,0.0085,0.05001,0
-0.14443,0.00071839,0,0.00073605,1.179e-09,86954,-8.0236,1,0.0588,0.0088,0.05001,0
-0.14757,0.00075885,0,0.00077029,1.2492e-09,86955,-8.0149,1,0.0591,0.0091,0.05001,0
-0.15072,0.00079931,0,0.00080454,1.3193e-09,86955,-8.0061,1,0.0594,0.0094,0.05001,0
-0.15404,0.00083679,0,0.00084216,1.3954e-09,86955,-7.9971,1,0.0597,0.0097,0.05001,0
-0.15749,0.00087198,0,0.00088239,1.4761e-09,86956,-7.988,1,0.06,0.01,0.05001,0
-0.16094,0.00090716,0,0.00092263,1.5568e-09,86956,-7.9788,1,0.0603,0.0103,0.05001,0
-0.16448,0.00094351,0,0.00096471,1.6414e-09,86956,-7.9695,1,0.0606,0.0106,0.05001,0
-0.16824,0.0009831,0,0.0010119,1.7368e-09,86956,-7.9597,1,0.0609,0.0109,0.05001,0
-0.17199,0.0010227,0,0.0010592,1.8322e-09,86957,-7.95,1,0.0612,0.0112,0.05001,0
-0.17575,0.0010623,0,0.0011064,1.9275e-09,86957,-7.9402,1,0.0615,0.0115,0.05001,0
-0.1798,0.0011049,0,0.0011613,2.0419e-09,86957,-7.9298,1,0.0618,0.0118,0.05001,0
-0.18386,0.0011476,0,0.0012168,2.1574e-09,86958,-7.9193,1,0.0621,0.0121,0.05001,0
-0.18793,0.0011904,0,0.0012722,2.2729e-09,86958,-7.9089,1,0.0624,0.0124,0.05001,0
-0.19215,0.0012314,0,0.0013328,2.4016e-09,86958,-7.8978,1,0.0627,0.0127,0.05001,0
-0.19648,0.0012711,0,0.0013968,2.5393e-09,86959,-7.8864,1,0.063,0.013,0.05001,0
-0.2008,0.0013108,0,0.0014608,2.677e-09,86959,-7.875,1,0.0633,0.0133,0.05001,0
-0.20517,0.0013481,0,0.0015266,2.8202e-09,86959,-7.8634,1,0.0636,0.0136,0.05001,0
-0.20967,0.0013771,0,0.0015989,2.9824e-09,86959,-7.8509,1,0.0639,0.0139,0.05001,0
-0.21417,0.0014061,0,0.0016711,3.1446e-09,86960,-7.8384,1,0.0642,0.0142,0.05001,0
-0.21867,0.0014351,0,0.0017434,3.3068e-09,86960,-7.8258,1,0.0645,0.0145,0.05001,0
-0.22323,0.0014542,0,0.0018217,3.489e-09,86960,-7.8123,1,0.0648,0.0148,0.05001,0
-0.22781,0.0014712,0,0.0019012,3.6753e-09,86961,-7.7985,1,0.0651,0.0151,0.05001,0
-0.23239,0.0014882,0,0.0019808,3.8616e-09,86961,-7.7848,1,0.0654,0.0154,0.05001,0
-0.23698,0.0015071,0,0.0020633,4.0589e-09,86961,-7.7704,1,0.0657,0.0157,0.05001,0
-0.2416,0.0015285,0,0.00215,4.2719e-09,86961,-7.7553,1,0.066,0.016,0.05001,0
-0.24621,0.00155,0,0.0022368,4.4849e-09,86962,-7.7402,1,0.0663,0.0163,0.05001,0
-0.25082,0.0015714,0,0.0023235,4.6979e-09,86962,-7.7251,1,0.0666,0.0166,0.05001,0
-0.25544,0.001592,0,0.0024173,4.9443e-09,86962,-7.7084,1,0.0669,0.0169,0.05001,0
-0.26005,0.0016126,0,0.0025112,5.1917e-09,86963,-7.6918,1,0.0672,0.0172,0.05001,0
-0.26467,0.0016331,0,0.0026052,5.4391e-09,86963,-7.6752,1,0.0675,0.0175,0.05001,0
-0.26923,0.0016469,0,0.0027019,5.7038e-09,86963,-7.6577,1,0.0678,0.0178,0.05001,0
-0.27375,0.0016541,0,0.0028012,5.9854e-09,86963,-7.6393,1,0.0681,0.0181,0.05001,0
-0.27826,0.0016613,0,0.0029005,6.2671e-09,86964,-7.621,1,0.0684,0.0184,0.05001,0
-0.28277,0.0016684,0,0.0029998,6.5492e-09,86964,-7.6027,1,0.0687,0.0187,0.05001,0
-0.28706,0.0016628,0,0.0031012,6.861e-09,86964,-7.5826,1,0.069,0.019,0.05001,0
-0.29134,0.0016572,0,0.0032026,7.1728e-09,86964,-7.5625,1,0.0693,0.0193,0.05001,0
-0.29562,0.0016517,0,0.003304,7.4846e-09,86964,-7.5424,1,0.0696,0.0196,0.05001,0
-0.29972,0.001639,0,0.0034049,7.8096e-09,86964,-7.5214,1,0.0699,0.0199,0.05001,0
-0.30365,0.0016193,0,0.0035052,8.1477e-09,86965,-7.4995,1,0.0702,0.0202,0.05001,0
-0.30758,0.0015997,0,0.0036055,8.4858e-09,86965,-7.4776,1,0.0705,0.0205,0.05001,0
-0.31151,0.00158,0,0.0037057,8.8239e-09,86965,-7.4557,1,0.0708,0.0208,0.05001,0
-0.315,0.0015453,0,0.0038013,9.1788e-09,86965,-7.4321,1,0.0711,0.0211,0.05001,0
-0.31848,0.00151,0,0.0038967,9.5344e-09,86965,-7.4084,1,0.0714,0.0214,0.05001,0
-0.32195,0.0014747,0,0.003992,9.89e-09,86965,-7.3847,1,0.0717,0.0217,0.05001,0
-0.32521,0.0014362,0,0.0040842,1.0248e-08,86965,-7.3604,1,0.072,0.022,0.05001,0
-0.32816,0.001393,0,0.0041716,1.061e-08,86965,-7.335,1,0.0723,0.0223,0.05001,0
-0.33111,0.0013497,0,0.0042589,1.0972e-08,86965,-7.3096,1,0.0726,0.0226,0.05001,0
-0.33406,0.0013065,0,0.0043463,1.1334e-08,86965,-7.2842,1,0.0729,0.0229,0.05001,0
-0.33658,0.0012672,0,0.0044262,1.1696e-08,86965,-7.2575,1,0.0732,0.0232,0.05001,0
-0.33902,0.0012288,0,0.0045045,1.2059e-08,86965,-7.2306,1,0.0735,0.0235,0.05001,0
-0.34145,0.0011904,0,0.0045828,1.2421e-08,86965,-7.2036,1,0.0738,0.0238,0.05001,0
-0.34378,0.0011542,0,0.0046594,1.2784e-08,86965,-7.1764,1,0.0741,0.0241,0.05001,0
-0.34575,0.0011262,0,0.0047294,1.315e-08,86965,-7.148,1,0.0744,0.0244,0.05001,0
-0.34772,0.0010983,0,0.0047993,1.3516e-08,86965,-7.1196,1,0.0747,0.0247,0.05001,0
-0.34969,0.0010704,0,0.0048692,1.3881e-08,86965,-7.0912,1,0.075,0.025,0.05001,0
-0.35143,0.0010457,0,0.0049349,1.4251e-08,86965,-7.0621,1,0.0753,0.0253,0.05001,0
-0.35299,0.0010236,0,0.0049972,1.4625e-08,86965,-7.0324,1,0.0756,0.0256,0.05001,0
-0.35455,0.0010015,0,0.0050594,1.4999e-08,86965,-7.0027,1,0.0759,0.0259,0.05001,0
-0.35611,0.00097943,0,0.0051217,1.5373e-08,86965,-6.9729,1,0.0762,0.0262,0.05001,0
-0.3573,0.00095812,0,0.005177,1.5755e-08,86965,-6.9421,1,0.0765,0.0265,0.05001,0
-0.35846,0.0009369,0,0.0052314,1.6139e-08,86965,-6.9111,1,0.0768,0.0268,0.05001,0
-0.35961,0.00091568,0,0.0052858,1.6523e-08,86965,-6.8802,1,0.0771,0.0271,0.05001,0
-0.36068,0.00089429,0,0.0053384,1.6909e-08,86965,-6.849,1,0.0774,0.0274,0.05001,0
-0.36142,0.00087227,0,0.0053842,1.7303e-08,86965,-6.8168,1,0.0777,0.0277,0.05001,0
-0.36216,0.00085024,0,0.0054301,1.7696e-08,86965,-6.7847,1,0.078,0.028,0.05001,0
-0.3629,0.00082821,0,0.0054759,1.809e-08,86965,-6.7525,1,0.0783,0.0283,0.05001,0
-0.36342,0.00080521,0,0.005517,1.8484e-08,86965,-6.7199,1,0.0786,0.0286,0.05001,0
-0.36373,0.00078122,0,0.0055532,1.8878e-08,86965,-6.6867,1,0.0789,0.0289,0.05001,0
-0.36404,0.00075722,0,0.0055894,1.9272e-08,86965,-6.6535,1,0.0792,0.0292,0.05001,0
-0.36434,0.00073322,0,0.0056256,1.9666e-08,86965,-6.6203,1,0.0795,0.0295,0.05001,0
-0.36431,0.00070748,0,0.0056533,2.0048e-08,86965,-6.5863,1,0.0798,0.0298,0.05001,0
-0.36416,0.00068117,0,0.0056782,2.0426e-08,86965,-6.5522,1,0.0801,0.0301,0.05001,0
-0.36401,0.00065486,0,0.0057032,2.0803e-08,86965,-6.518,1,0.0804,0.0304,0.05001,0
-0.36387,0.00062855,0,0.0057281,2.1181e-08,86964,-6.4838,1,0.0807,0.0307,0.05001,0
-0.36326,0.00059996,0,0.0057417,2.1541e-08,86964,-6.4489,1,0.081,0.031,0.05001,0
-0.36264,0.00057133,0,0.005755,2.1901e-08,86964,-6.4139,1,0.0813,0.0313,0.05001,0
-0.36202,0.0005427,0,0.0057684,2.2261e-08,86964,-6.3789,1,0.0816,0.0316,0.05001,0
-0.36132,0.00051355,0,0.0057795,2.2617e-08,86964,-6.3438,1,0.0819,0.0319,0.05001,0
-0.36022,0.00048217,0,0.0057812,2.296e-08,86964,-6.3082,1,0.0822,0.0322,0.05001,0
-0.35913,0.0004508,0,0.0057828,2.3303e-08,86964,-6.2726,1,0.0825,0.0325,0.05001,0
-0.35803,0.00041942,0,0.0057845,2.3645e-08,86964,-6.2369,1,0.0828,0.0328,0.05001,0
-0.35676,0.0003877,0,0.0057816,2.3978e-08,86964,-6.2011,1,0.0831,0.0331,0.05001,0
-0.3552,0.00035537,0,0.0057709,2.4294e-08,86964,-6.165,1,0.0834,0.0334,0.05001,0
-0.35363,0.00032305,0,0.0057603,2.461e-08,86964,-6.1289,1,0.0837,0.0337,0.05001,0
-0.35206,0.00029072,0,0.0057496,2.4926e-08,86963,-6.0928,1,0.084,0.034,0.05001,0
-0.35027,0.00026052,0,0.005733,2.5225e-08,86963,-6.0566,1,0.0843,0.0343,0.05001,0
-0.34826,0.00023225,0,0.0057109,2.551e-08,86963,-6.0202,1,0.0846,0.0346,0.05001,0
-0.34625,0.00020398,0,0.0056888,2.5794e-08,86963,-5.9838,1,0.0849,0.0349,0.05001,0
-0.34424,0.00017571,0,0.0056667,2.6078e-08,86963,-5.9475,1,0.0852,0.0352,0.05001,0
-0.34198,0.00015179,0,0.0056384,2.6343e-08,86963,-5.911,1,0.0855,0.0355,0.05001,0
-0.33958,0.00013021,0,0.0056067,2.6597e-08,86962,-5.8746,1,0.0858,0.0358,0.05001,0
-0.33719,0.00010863,0,0.0055751,2.685e-08,86962,-5.8382,1,0.0861,0.0361,0.05001,0
-0.33479,8.7059e-05,0,0.0055434,2.7104e-08,86962,-5.8017,1,0.0864,0.0364,0.05001,0
-0.33215,6.9231e-05,0,0.0055062,2.7339e-08,86962,-5.7654,1,0.0867,0.0367,0.05001,0
-0.32942,5.2662e-05,0,0.0054671,2.7568e-08,86962,-5.729,1,0.087,0.037,0.05001,0
-0.32669,3.6092e-05,0,0.005428,2.7797e-08,86961,-5.6927,1,0.0873,0.0373,0.05001,0
-0.32397,1.9523e-05,0,0.0053889,2.8025e-08,86961,-5.6563,1,0.0876,0.0376,0.05001,0
-0.321,5.0566e-06,0,0.0053449,2.8236e-08,86961,-5.6202,1,0.0879,0.0379,0.05001,0
-0.31798,-8.9496e-06,0,0.0052999,2.8443e-08,86961,-5.5841,1,0.0882,0.0382,0.05001,0
-0.31496,-2.2956e-05,0,0.0052548,2.865e-08,86961,-5.548,1,0.0885,0.0385,0.05001,0
-0.31194,-3.6962e-05,0,0.0052098,2.8857e-08,86960,-5.5118,1,0.0888,0.0388,0.05001,0
-0.30868,-4.9925e-05,0,0.0051605,2.9046e-08,86960,-5.476,1,0.0891,0.0391,0.05001,0
-0.30539,-6.2724e-05,0,0.0051105,2.9232e-08,86960,-5.4403,1,0.0894,0.0394,0.05001,0
-0.30209,-7.5523e-05,0,0.0050606,2.9418e-08,86960,-5.4045,1,0.0897,0.0397,0.05001,0
-0.2988,-8.8322e-05,0,0.0050106,2.9604e-08,86959,-5.3688,1,0.09,0.04,0.05001,0
-0.29528,-0.00010048,0,0.004957,2.9771e-08,86959,-5.3335,1,0.0903,0.0403,0.05001,0
-0.29174,-0.00011255,0,0.004903,2.9934e-08,86959,-5.2982,1,0.0906,0.0406,0.05001,0
-0.28819,-0.00012462,0,0.0048489,3.0098e-08,86959,-5.2629,1,0.0909,0.0409,0.05001,0
-0.28464,-0.0001367,0,0.0047948,3.0262e-08,86958,-5.2277,1,0.0912,0.0412,0.05001,0
-0.28089,-0.00014751,0,0.0047377,3.0403e-08,86958,-5.1929,1,0.0915,0.0415,0.05001,0
-0.27711,-0.00015813,0,0.0046803,3.0542e-08,86958,-5.1583,1,0.0918,0.0418,0.05001,0
-0.27333,-0.00016875,0,0.0046228,3.068e-08,86958,-5.1236,1,0.0921,0.0421,0.05001,0
-0.26955,-0.00017937,0,0.0045653,3.0818e-08,86958,-5.0889,1,0.0924,0.0424,0.05001,0
-0.26559,-0.00018807,0,0.0045058,3.0935e-08,86957,-5.0549,1,0.0927,0.0427,0.05001,0
-0.26161,-0.00019638,0,0.004446,3.1047e-08,86957,-5.021,1,0.093,0.043,0.05001,0
-0.25762,-0.00020468,0,0.0043861,3.116e-08,86957,-4.987,1,0.0933,0.0433,0.05001,0
-0.25363,-0.00021299,0,0.0043262,3.1272e-08,86957,-4.9531,1,0.0936,0.0436,0.05001,0
-0.24951,-0.00021945,0,0.0042654,3.1366e-08,86956,-4.9198,1,0.0939,0.0439,0.05001,0
-0.24535,-0.00022535,0,0.0042043,3.1454e-08,86956,-4.8867,1,0.0942,0.0442,0.05001,0
-0.24119,-0.00023125,0,0.0041432,3.1542e-08,86956,-4.8536,1,0.0945,0.0445,0.05001,0
-0.23703,-0.00023715,0,0.0040821,3.163e-08,86956,-4.8205,1,0.0948,0.0448,0.05001,0
-0.23278,-0.00024173,0,0.0040208,3.1702e-08,86955,-4.7881,1,0.0951,0.0451,0.05001,0
-0.22847,-0.00024567,0,0.0039595,3.1767e-08,86955,-4.7559,1,0.0954,0.0454,0.05001,0
-0.22417,-0.00024961,0,0.0038981,3.1832e-08,86955,-4.7237,1,0.0957,0.0457,0.05001,0
-0.21987,-0.00025354,0,0.0038368,3.1897e-08,86955,-4.6916,1,0.096,0.046,0.05001,0
-0.2155,-0.00025718,0,0.0037758,3.195e-08,86955,-4.66,1,0.0963,0.0463,0.05001,0
-0.21108,-0.00026057,0,0.003715,3.1993e-08,86954,-4.6288,1,0.0966,0.0466,0.05001,0
-0.20666,-0.00026396,0,0.0036542,3.2036e-08,86954,-4.5977,1,0.0969,0.0469,0.05001,0
-0.20224,-0.00026735,0,0.0035934,3.2078e-08,86954,-4.5665,1,0.0972,0.0472,0.05001,0
-0.19778,-0.00027098,0,0.003533,3.2112e-08,86954,-4.5358,1,0.0975,0.0475,0.05001,0
-0.19326,-0.00027499,0,0.0034733,3.2132e-08,86953,-4.5058,1,0.0978,0.0478,0.05001,0
-0.18874,-0.000279,0,0.0034135,3.2151e-08,86953,-4.4757,1,0.0981,0.0481,0.05001,0
-0.18422,-0.00028302,0,0.0033538,3.2171e-08,86953,-4.4456,1,0.0984,0.0484,0.05001,0
-0.17968,-0.00028691,0,0.0032943,3.2185e-08,86953,-4.4158,1,0.0987,0.0487,0.05001,0
-0.17509,-0.00029034,0,0.0032361,3.2179e-08,86953,-4.3869,1,0.099,0.049,0.05001,0
-0.1705,-0.00029378,0,0.0031778,3.2173e-08,86952,-4.3581,1,0.0993,0.0493,0.05001,0
-0.16591,-0.00029721,0,0.0031195,3.2167e-08,86952,-4.3292,1,0.0996,0.0496,0.05001,0
-0.16132,-0.00030065,0,0.0030613,3.2161e-08,86952,-4.3003,1,0.0999,0.0499,0.05001,0
-0.15669,-0.00030175,0,0.0030051,3.2129e-08,86952,-4.2726,1,0.1002,0.0502,0.05001,0
-0.15207,-0.00030283,0,0.0029489,3.2096e-08,86952,-4.245,1,0.1005,0.0505,0.05001,0
-0.14745,-0.00030392,0,0.0028928,3.2064e-08,86952,-4.2173,1,0.1008,0.0508,0.05001,0
-0.14282,-0.00030501,0,0.0028366,3.2031e-08,86951,-4.1897,1,0.1011,0.0511,0.05001,0
-0.13821,-0.00030452,0,0.0027825,3.198e-08,86951,-4.163,1,0.1014,0.0514,0.05001,0
-0.13359,-0.0003035,0,0.0027291,3.1923e-08,86951,-4.1366,1,0.1017,0.0517,0.05001,0
-0.12898,-0.00030249,0,0.0026757,3.1865e-08,86951,-4.1102,1,0.102,0.052,0.05001,0
-0.12437,-0.00030147,0,0.0026222,3.1808e-08,86951,-4.0838,1,0.1023,0.0523,0.05001,0
-0.11978,-0.00030033,0,0.0025705,3.1742e-08,86951,-4.0581,1,0.1026,0.0526,0.05001,0
-0.11521,-0.00029906,0,0.0025204,3.1666e-08,86950,-4.033,1,0.1029,0.0529,0.05001,0
-0.11064,-0.00029778,0,0.0024704,3.1591e-08,86950,-4.0079,1,0.1032,0.0532,0.05001,0
-0.10608,-0.00029651,0,0.0024204,3.1515e-08,86950,-3.9828,1,0.1035,0.0535,0.05001,0
-0.10152,-0.00029569,0,0.002371,3.1436e-08,86950,-3.958,1,0.1038,0.0538,0.05001,0
-0.097027,-0.00029689,0,0.0023247,3.1345e-08,86950,-3.9342,1,0.1041,0.0541,0.05001,0
-0.092531,-0.0002981,0,0.0022784,3.1254e-08,86950,-3.9104,1,0.1044,0.0544,0.05001,0
-0.088035,-0.0002993,0,0.002232,3.1164e-08,86950,-3.8866,1,0.1047,0.0547,0.05001,0
-0.083538,-0.0003005,0,0.0021857,3.1073e-08,86950,-3.8628,1,0.105,0.055,0.05001,0
-0.079117,-0.00030394,0,0.0021425,3.097e-08,86949,-3.8401,1,0.1053,0.0553,0.05001,0
-0.074709,-0.00030777,0,0.0020999,3.0866e-08,86949,-3.8176,1,0.1056,0.0556,0.05001,0
-0.0703,-0.0003116,0,0.0020573,3.0762e-08,86949,-3.7951,1,0.1059,0.0559,0.05001,0
-0.065892,-0.00031543,0,0.0020146,3.0658e-08,86949,-3.7726,1,0.1062,0.0562,0.05001,0
-0.061534,-0.00031927,0,0.0019738,3.0548e-08,86949,-3.7507,1,0.1065,0.0565,0.05001,0
-0.057228,-0.00032314,0,0.0019348,3.0432e-08,86949,-3.7295,1,0.1068,0.0568,0.05001,0
-0.052923,-0.00032701,0,0.0018958,3.0317e-08,86949,-3.7082,1,0.1071,0.0571,0.05001,0
-0.048618,-0.00033087,0,0.0018568,3.0201e-08,86949,-3.687,1,0.1074,0.0574,0.05001,0
-0.044324,-0.00033464,0,0.0018182,3.0084e-08,86949,-3.6659,1,0.1077,0.0577,0.05001,0
-0.040138,-0.00033747,0,0.0017828,2.996e-08,86949,-3.6459,1,0.108,0.058,0.05001,0
-0.035951,-0.0003403,0,0.0017473,2.9835e-08,86949,-3.6259,1,0.1083,0.0583,0.05001,0
-0.031765,-0.00034314,0,0.0017119,2.971e-08,86949,-3.6059,1,0.1086,0.0586,0.05001,0
-0.027579,-0.00034597,0,0.0016765,2.9585e-08,86949,-3.5859,1,0.1089,0.0589,0.05001,0
-0.023479,-0.00034837,0,0.0016435,2.9456e-08,86948,-3.5668,1,0.1092,0.0592,0.05001,0
-0.01942,-0.00035056,0,0.0016116,2.9326e-08,86948,-3.548,1,0.1095,0.0595,0.05001,0
-0.015361,-0.00035275,0,0.0015797,2.9195e-08,86948,-3.5292,1,0.1098,0.0598,0.05001,0
-0.011302,-0.00035495,0,0.0015478,2.9064e-08,86948,-3.5105,1,0.1101,0.0601,0.05001,0
-0.0072731,-0.00035684,0,0.0015209,2.8934e-08,86948,-3.4919,1,0.1104,0.0604,0.05001,0
-0.0033446,-0.0003577,0,0.0015111,2.8804e-08,86948,-3.4743,1,0.1107,0.0607,0.05001,0
0.00058382,-0.00035855,0,0.0015014,2.8674e-08,86948,-3.4567,1,0.111,0.061,0.05001,0
0.0045122,-0.00035941,0,0.0014916,2.8545e-08,86948,-3.4391,1,0.1113,0.0613,0.05001,0
0.0084407,-0.00036027,0,0.0014819,2.8415e-08,86948,-3.4215,1,0.1116,0.0616,0.05001,0
0.012268,-0.00035981,0,0.0014893,2.8286e-08,86948,-3.4048,1,0.1119,0.0619,0.05001,0
0.016061,-0.00035888,0,0.0015027,2.8158e-08,86949,-3.3883,1,0.1122,0.0622,0.05001,0
0.019853,-0.00035796,0,0.0015162,2.8029e-08,86949,-3.3719,1,0.1125,0.0625,0.05001,0
0.023646,-0.00035703,0,0.0015296,2.79e-08,86949,-3.3554,1,0.1128,0.0628,0.05001,0
0.027405,-0.00035583,0,0.0015437,2.7771e-08,86949,-3.3392,1,0.1131,0.0631,0.05001,0
0.031049,-0.00035365,0,0.0015601,2.7637e-08,86949,-3.3238,1,0.1134,0.0634,0.05001,0
0.034694,-0.00035147,0,0.0015766,2.7503e-08,86949,-3.3085,1,0.1137,0.0637,0.05001,0
0.038339,-0.0003493,0,0.0015931,2.7369e-08,86949,-3.2931,1,0.114,0.064,0.05001,0
0.041984,-0.00034712,0,0.0016095,2.7235e-08,86949,-3.2777,1,0.1143,0.0643,0.05001,0
0.045519,-0.00034449,0,0.0016261,2.7098e-08,86950,-3.2631,1,0.1146,0.0646,0.05001,0
0.049004,-0.00034164,0,0.0016428,2.6959e-08,86950,-3.2488,1,0.1149,0.0649,0.05001,0
0.052488,-0.00033878,0,0.0016595,2.682e-08,86950,-3.2345,1,0.1152,0.0652,0.05001,0
0.055973,-0.00033593,0,0.0016762,2.6681e-08,86950,-3.2202,1,0.1155,0.0655,0.05001,0
0.059441,-0.00033303,0,0.0016928,2.6541e-08,86950,-3.206,1,0.1158,0.0658,0.05001,0
0.062756,-0.0003297,0,0.0017096,2.6399e-08,86950,-3.1927,1,0.1161,0.0661,0.05001,0
0.066072,-0.00032636,0,0.0017264,2.6256e-08,86950,-3.1794,1,0.1164,0.0664,0.05001,0
0.069388,-0.00032303,0,0.0017432,2.6114e-08,86950,-3.1661,1,0.1167,0.0667,0.05001,0
0.072704,-0.00031969,0,0.00176,2.5972e-08,86951,-3.1528,1,0.117,0.067,0.05001,0
0.075935,-0.00031631,0,0.0017768,2.5828e-08,86951,-3.1399,1,0.1173,0.0673,0.05001,0
0.079078,-0.0003129,0,0.0017936,2.5685e-08,86951,-3.1276,1,0.1176,0.0676,0.05001,0
0.082221,-0.00030948,0,0.0018104,2.5541e-08,86951,-3.1152,1,0.1179,0.0679,0.05001,0
0.085364,-0.00030606,0,0.0018273,2.5397e-08,86951,-3.1029,1,0.1182,0.0682,0.05001,0
0.088507,-0.00030264,0,0.0018441,2.5253e-08,86951,-3.0905,1,0.1185,0.0685,0.05001,0
0.091504,-0.00029927,0,0.0018609,2.511e-08,86951,-3.0789,1,0.1188,0.0688,0.05001,0
0.094474,-0.00029592,0,0.0018776,2.4966e-08,86952,-3.0675,1,0.1191,0.0691,0.05001,0
0.097443,-0.00029256,0,0.0018944,2.4823e-08,86952,-3.056,1,0.1194,0.0694,0.05001,0
0.10041,-0.00028921,0,0.0019112,2.468e-08,86952,-3.0446,1,0.1197,0.0697,0.05001,0
0.10335,-0.00028588,0,0.001928,2.4537e-08,86952,-3.0332,1,0.12,0.07,0.05001,0
0.10616,-0.00028269,0,0.0019447,2.4396e-08,86952,-3.0226,1,0.1203,0.0703,0.05001,0
0.10896,-0.0002795,0,0.0019614,2.4255e-08,86952,-3.012,1,0.1206,0.0706,0.05001,0
0.11176,-0.00027631,0,0.0019782,2.4115e-08,86952,-3.0014,1,0.1209,0.0709,0.05001,0
0.11456,-0.00027311,0,0.0019949,2.3974e-08,86953,-2.9907,1,0.1212,0.0712,0.05001,0
0.11729,-0.00026988,0,0.0020116,2.3835e-08,86953,-2.9805,1,0.1215,0.0715,0.05001,0
0.11993,-0.00026658,0,0.0020283,2.3698e-08,86953,-2.9706,1,0.1218,0.0718,0.05001,0
0.12256,-0.00026329,0,0.0020449,2.3561e-08,86953,-2.9608,1,0.1221,0.0721,0.05001,0
0.1252,-0.00026,0,0.0020616,2.3424e-08,86953,-2.9509,1,0.1224,0.0724,0.05001,0
0.12784,-0.00025671,0,0.0020782,2.3287e-08,86953,-2.9411,1,0.1227,0.0727,0.05001,0
0.13037,-0.00025333,0,0.0020947,2.3152e-08,86953,-2.9317,1,0.123,0.073,0.05001,0
0.13285,-0.00024993,0,0.0021112,2.3019e-08,86953,-2.9226,1,0.1233,0.0733,0.05001,0
0.13534,-0.00024652,0,0.0021277,2.2886e-08,86954,-2.9135,1,0.1236,0.0736,0.05001,0
0.13782,-0.00024312,0,0.0021442,2.2752e-08,86954,-2.9044,1,0.1239,0.0739,0.05001,0
0.1403,-0.00023972,0,0.0021606,2.2619e-08,86954,-2.8952,1,0.1242,0.0742,0.05001,0
0.14264,-0.00023624,0,0.0021768,2.2489e-08,86954,-2.8867,1,0.1245,0.0745,0.05001,0
0.14497,-0.00023276,0,0.0021929,2.2359e-08,86954,-2.8783,1,0.1248,0.0748,0.05001,0
0.1473,-0.00022927,0,0.0022091,2.2229e-08,86954,-2.8698,1,0.1251,0.0751,0.05001,0
0.14963,-0.00022579,0,0.0022252,2.2099e-08,86954,-2.8614,1,0.1254,0.0754,0.05001,0
0.15194,-0.00022233,0,0.0022413,2.197e-08,86954,-2.853,1,0.1257,0.0757,0.05001,0
0.15412,-0.00021898,0,0.002257,2.1844e-08,86955,-2.8452,1,0.126,0.076,0.05001,0
0.15631,-0.00021564,0,0.0022727,2.1717e-08,86955,-2.8374,1,0.1263,0.0763,0.05001,0
0.15849,-0.0002123,0,0.0022884,2.1591e-08,86955,-2.8295,1,0.1266,0.0766,0.05001,0
0.16067,-0.00020896,0,0.0023041,2.1465e-08,86955,-2.8217,1,0.1269,0.0769,0.05001,0
0.16281,-0.00020566,0,0.0023197,2.1339e-08,86955,-2.814,1,0.1272,0.0772,0.05001,0
0.16485,-0.00020248,0,0.0023348,2.1217e-08,86955,-2.8068,1,0.1275,0.0775,0.05001,0
0.16689,-0.00019931,0,0.0023499,2.1094e-08,86955,-2.7995,1,0.1278,0.0778,0.05001,0
0.16893,-0.00019613,0,0.0023651,2.0971e-08,86955,-2.7923,1,0.1281,0.0781,0.05001,0
0.17096,-0.00019295,0,0.0023802,2.0848e-08,86956,-2.785,1,0.1284,0.0784,0.05001,0
0.17295,-0.0001899,0,0.0023951,2.0727e-08,86956,-2.778,1,0.1287,0.0787,0.05001,0
0.17485,-0.00018702,0,0.0024097,2.0608e-08,86956,-2.7713,1,0.129,0.079,0.05001,0
0.17675,-0.00018415,0,0.0024243,2.049e-08,86956,-2.7646,1,0.1293,0.0793,0.05001,0
0.17865,-0.00018127,0,0.0024389,2.0371e-08,86956,-2.7578,1,0.1296,0.0796,0.05001,0
0.18055,-0.00017839,0,0.0024534,2.0252e-08,86956,-2.7511,1,0.1299,0.0799,0.05001,0
0.18239,-0.00017562,0,0.0024677,2.0136e-08,86956,-2.7447,1,0.1302,0.0802,0.05001,0
0.18416,-0.00017297,0,0.0024817,2.0022e-08,86956,-2.7384,1,0.1305,0.0805,0.05001,0
0.18593,-0.00017032,0,0.0024957,1.9908e-08,86957,-2.7322,1,0.1308,0.0808,0.05001,0
0.18771,-0.00016766,0,0.0025097,1.9794e-08,86957,-2.726,1,0.1311,0.0811,0.05001,0
0.18948,-0.00016501,0,0.0025237,1.968e-08,86957,-2.7197,1,0.1314,0.0814,0.05001,0
0.19118,-0.00016251,0,0.0025373,1.9568e-08,86957,-2.7138,1,0.1317,0.0817,0.05001,0
0.19284,-0.00016012,0,0.0025507,1.9459e-08,86957,-2.708,1,0.132,0.082,0.05001,0
0.19449,-0.00015773,0,0.0025641,1.935e-08,86957,-2.7022,1,0.1323,0.0823,0.05001,0
0.19614,-0.00015535,0,0.0025775,1.9241e-08,86957,-2.6964,1,0.1326,0.0826,0.05001,0
0.19779,-0.00015296,0,0.002591,1.9131e-08,86957,-2.6906,1,0.1329,0.0829,0.05001,0
0.19937,-0.00015073,0,0.002604,1.9025e-08,86957,-2.6851,1,0.1332,0.0832,0.05001,0
0.20091,-0.00014859,0,0.0026168,1.892e-08,86958,-2.6797,1,0.1335,0.0835,0.05001,0
0.20245,-0.00014646,0,0.0026295,1.8816e-08,86958,-2.6744,1,0.1338,0.0838,0.05001,0
0.20399,-0.00014433,0,0.0026423,1.8712e-08,86958,-2.669,1,0.1341,0.0841,0.05001,0
0.20552,-0.0001422,0,0.0026551,1.8607e-08,86958,-2.6637,1,0.1344,0.0844,0.05001,0
0.207,-0.00014005,0,0.0026675,1.8505e-08,86958,-2.6585,1,0.1347,0.0847,0.05001,0
0.20842,-0.0001379,0,0.0026795,1.8405e-08,86958,-2.6535,1,0.135,0.085,0.05001,0
0.20985,-0.00013574,0,0.0026916,1.8305e-08,86958,-2.6485,1,0.1353,0.0853,0.05001,0
0.21128,-0.00013358,0,0.0027037,1.8205e-08,86958,-2.6436,1,0.1356,0.0856,0.05001,0
0.21271,-0.00013142,0,0.0027158,1.8105e-08,86958,-2.6386,1,0.1359,0.0859,0.05001,0
0.21408,-0.00012942,0,0.0027275,1.8007e-08,86958,-2.6338,1,0.1362,0.0862,0.05001,0
0.2154,-0.00012754,0,0.0027389,1.7911e-08,86959,-2.6291,1,0.1365,0.0865,0.05001,0
0.21673,-0.00012567,0,0.0027503,1.7816e-08,86959,-2.6245,1,0.1368,0.0868,0.05001,0
0.21805,-0.00012379,0,0.0027617,1.772e-08,86959,-2.6199,1,0.1371,0.0871,0.05001,0
0.21938,-0.00012192,0,0.0027731,1.7624e-08,86959,-2.6152,1,0.1374,0.0874,0.05001,0
0.22066,-0.00012014,0,0.0027841,1.753e-08,86959,-2.6108,1,0.1377,0.0877,0.05001,0
0.22189,-0.00011849,0,0.0027948,1.7439e-08,86959,-2.6064,1,0.138,0.088,0.05001,0
0.22312,-0.00011684,0,0.0028055,1.7347e-08,86959,-2.6021,1,0.1383,0.0883,0.05001,0
0.22434,-0.00011518,0,0.0028162,1.7256e-08,86959,-2.5978,1,0.1386,0.0886,0.05001,0
0.22557,-0.00011353,0,0.0028269,1.7164e-08,86959,-2.5935,1,0.1389,0.0889,0.05001,0
0.22677,-0.00011187,0,0.0028374,1.7074e-08,86959,-2.5893,1,0.1392,0.0892,0.05001,0
0.22791,-0.00011019,0,0.0028474,1.6987e-08,86959,-2.5853,1,0.1395,0.0895,0.05001,0
0.22904,-0.00010851,0,0.0028575,1.6899e-08,86960,-2.5812,1,0.1398,0.0898,0.05001,0
0.23018,-0.00010683,0,0.0028675,1.6812e-08,86960,-2.5772,1,0.1401,0.0901,0.05001,0
0.23132,-0.00010516,0,0.0028775,1.6725e-08,86960,-2.5732,1,0.1404,0.0904,0.05001,0
0.23244,-0.00010349,0,0.0028874,1.6638e-08,86960,-2.5692,1,0.1407,0.0907,0.05001,0
0.23349,-0.00010187,0,0.0028968,1.6555e-08,86960,-2.5655,1,0.141,0.091,0.05001,0
0.23454,-0.00010026,0,0.0029061,1.6473e-08,86960,-2.5617,1,0.1413,0.0913,0.05001,0
0.23559,-9.8641e-05,0,0.0029155,1.639e-08,86960,-2.558,1,0.1416,0.0916,0.05001,0
0.23664,-9.7025e-05,0,0.0029249,1.6307e-08,86960,-2.5542,1,0.1419,0.0919,0.05001,0
0.23769,-9.5409e-05,0,0.0029343,1.6224e-08,86960,-2.5504,1,0.1422,0.0922,0.05001,0
0.23866,-9.3964e-05,0,0.002943,1.6146e-08,86960,-2.5469,1,0.1425,0.0925,0.05001,0
0.23964,-9.2522e-05,0,0.0029518,1.6067e-08,86960,-2.5434,1,0.1428,0.0928,0.05001,0
0.24061,-9.108e-05,0,0.0029606,1.5989e-08,86960,-2.5399,1,0.1431,0.0931,0.05001,0
0.24158,-8.9638e-05,0,0.0029693,1.5911e-08,86961,-2.5364,1,0.1434,0.0934,0.05001,0
0.24255,-8.8196e-05,0,0.0029781,1.5832e-08,86961,-2.5329,1,0.1437,0.0937,0.05001,0
0.24347,-8.6915e-05,0,0.0029864,1.5757e-08,86961,-2.5296,1,0.144,0.094,0.05001,0
0.24436,-8.5687e-05,0,0.0029946,1.5683e-08,86961,-2.5263,1,0.1443,0.0943,0.05001,0
0.24526,-8.4459e-05,0,0.0030028,1.5609e-08,86961,-2.523,1,0.1446,0.0946,0.05001,0
0.24616,-8.323e-05,0,0.003011,1.5535e-08,86961,-2.5197,1,0.1449,0.0949,0.05001,0
0.24706,-8.2002e-05,0,0.0030191,1.5461e-08,86961,-2.5164,1,0.1452,0.0952,0.05001,0
0.24792,-8.0815e-05,0,0.0030271,1.5389e-08,86961,-2.5132,1,0.1455,0.0955,0.05001,0
0.24875,-7.967e-05,0,0.0030347,1.532e-08,86961,-2.5101,1,0.1458,0.0958,0.05001,0
0.24958,-7.8526e-05,0,0.0030423,1.525e-08,86961,-2.507,1,0.1461,0.0961,0.05001,0
0.25042,-7.7381e-05,0,0.0030499,1.518e-08,86961,-2.504,1,0.1464,0.0964,0.05001,0
0.25125,-7.6236e-05,0,0.0030575,1.511e-08,86961,-2.5009,1,0.1467,0.0967,0.05001,0
0.25206,-7.5089e-05,0,0.0030651,1.5041e-08,86961,-2.4978,1,0.147,0.097,0.05001,0
0.25283,-7.3933e-05,0,0.0030721,1.4975e-08,86961,-2.4949,1,0.1473,0.0973,0.05001,0
0.2536,-7.2777e-05,0,0.0030792,1.4908e-08,86962,-2.492,1,0.1476,0.0976,0.05001,0
0.25437,-7.162e-05,0,0.0030863,1.4842e-08,86962,-2.4891,1,0.1479,0.0979,0.05001,0
0.25513,-7.0464e-05,0,0.0030933,1.4776e-08,86962,-2.4862,1,0.1482,0.0982,0.05001,0
0.2559,-6.9308e-05,0,0.0031004,1.471e-08,86962,-2.4833,1,0.1485,0.0985,0.05001,0
0.25662,-6.8105e-05,0,0.003107,1.4646e-08,86962,-2.4806,1,0.1488,0.0988,0.05001,0
0.25732,-6.6894e-05,0,0.0031135,1.4584e-08,86962,-2.4778,1,0.1491,0.0991,0.05001,0
0.25803,-6.5683e-05,0,0.0031201,1.4521e-08,86962,-2.4751,1,0.1494,0.0994,0.05001,0
0.25874,-6.4472e-05,0,0.0031266,1.4458e-08,86962,-2.4724,1,0.1497,0.0997,0.05001,0
0.25945,-6.3261e-05,0,0.0031331,1.4395e-08,86962,-2.4696,1,0.15,0.1,0.05001,0
0.26013,-6.216e-05,0,0.0031394,1.4334e-08,86962,-2.467,1,0.1503,0.1003,0.05001,0
0.26079,-6.1176e-05,0,0.0031454,1.4274e-08,86962,-2.4644,1,0.1506,0.1006,0.05001,0
0.26144,-6.0192e-05,0,0.0031515,1.4215e-08,86962,-2.4618,1,0.1509,0.1009,0.05001,0
0.26209,-5.9208e-05,0,0.0031575,1.4155e-08,86962,-2.4592,1,0.1512,0.1012,0.05001,0
0.26275,-5.8225e-05,0,0.0031636,1.4096e-08,86962,-2.4566,1,0.1515,0.1015,0.05001,0
0.2634,-5.7252e-05,0,0.0031696,1.4036e-08,86962,-2.4541,1,0.1518,0.1018,0.05001,0
0.264,-5.6424e-05,0,0.0031752,1.398e-08,86962,-2.4516,1,0.1521,0.1021,0.05001,0
0.26461,-5.5597e-05,0,0.0031808,1.3923e-08,86962,-2.4492,1,0.1524,0.1024,0.05001,0
0.26522,-5.4769e-05,0,0.0031863,1.3867e-08,86963,-2.4468,1,0.1527,0.1027,0.05001,0
0.26582,-5.3942e-05,0,0.0031919,1.381e-08,86963,-2.4443,1,0.153,0.103,0.05001,0
0.26643,-5.3114e-05,0,0.0031975,1.3754e-08,86963,-2.4419,1,0.1533,0.1033,0.05001,0
0.26701,-5.23e-05,0,0.0032029,1.3699e-08,86963,-2.4395,1,0.1536,0.1036,0.05001,0
0.26757,-5.1493e-05,0,0.0032081,1.3646e-08,86963,-2.4372,1,0.1539,0.1039,0.05001,0
0.26813,-5.0687e-05,0,0.0032132,1.3592e-08,86963,-2.4349,1,0.1542,0.1042,0.05001,0
0.26869,-4.9881e-05,0,0.0032184,1.3538e-08,86963,-2.4326,1,0.1545,0.1045,0.05001,0
0.26925,-4.9074e-05,0,0.0032236,1.3485e-08,86963,-2.4303,1,0.1548,0.1048,0.05001,0
0.26981,-4.8265e-05,0,0.0032287,1.3431e-08,86963,-2.428,1,0.1551,0.1051,0.05001,0
0.27033,-4.7436e-05,0,0.0032335,1.3381e-08,86963,-2.4258,1,0.1554,0.1054,0.05001,0
0.27085,-4.6607e-05,0,0.0032383,1.333e-08,86963,-2.4236,1,0.1557,0.1057,0.05001,0
0.27137,-4.5778e-05,0,0.0032431,1.3279e-08,86963,-2.4214,1,0.156,0.106,0.05001,0
0.27189,-4.495e-05,0,0.0032478,1.3228e-08,86963,-2.4192,1,0.1563,0.1063,0.05001,0
0.27241,-4.4121e-05,0,0.0032526,1.3177e-08,86963,-2.4171,1,0.1566,0.1066,0.05001,0
0.27291,-4.3391e-05,0,0.0032572,1.3127e-08,86963,-2.4149,1,0.1569,0.1069,0.05001,0
0.27339,-4.2726e-05,0,0.0032616,1.3079e-08,86963,-2.4129,1,0.1572,0.1072,0.05001,0
0.27388,-4.2061e-05,0,0.0032659,1.303e-08,86963,-2.4108,1,0.1575,0.1075,0.05001,0
0.27436,-4.1397e-05,0,0.0032703,1.2982e-08,86963,-2.4087,1,0.1578,0.1078,0.05001,0
0.27484,-4.0732e-05,0,0.0032747,1.2933e-08,86963,-2.4066,1,0.1581,0.1081,0.05001,0
0.27532,-4.0076e-05,0,0.0032791,1.2885e-08,86963,-2.4046,1,0.1584,0.1084,0.05001,0
0.27577,-3.9629e-05,0,0.0032832,1.2839e-08,86963,-2.4026,1,0.1587,0.1087,0.05001,0
0.27622,-3.9182e-05,0,0.0032872,1.2792e-08,86964,-2.4006,1,0.159,0.109,0.05001,0
0.27667,-3.8735e-05,0,0.0032913,1.2746e-08,86964,-2.3987,1,0.1593,0.1093,0.05001,0
0.27712,-3.8288e-05,0,0.0032953,1.27e-08,86964,-2.3967,1,0.1596,0.1096,0.05001,0
0.27757,-3.7841e-05,0,0.0032994,1.2654e-08,86964,-2.3947,1,0.1599,0.1099,0.05001,0
0.278,-3.7394e-05,0,0.0033033,1.2609e-08,86964,-2.3928,1,0.1602,0.1102,0.05001,0
0.27842,-3.6945e-05,0,0.0033071,1.2565e-08,86964,-2.3909,1,0.1605,0.1105,0.05001,0
0.27884,-3.6496e-05,0,0.0033108,1.2521e-08,86964,-2.3891,1,0.1608,0.1108,0.05001,0
0.27925,-3.6047e-05,0,0.0033146,1.2478e-08,86964,-2.3872,1,0.1611,0.1111,0.05001,0
0.27967,-3.5599e-05,0,0.0033184,1.2434e-08,86964,-2.3853,1,0.1614,0.1114,0.05001,0
0.28009,-3.515e-05,0,0.0033221,1.239e-08,86964,-2.3834,1,0.1617,0.1117,0.05001,0
0.28048,-3.4718e-05,0,0.0033257,1.2348e-08,86964,-2.3816,1,0.162,0.112,0.05001,0
0.28087,-3.4291e-05,0,0.0033291,1.2307e-08,86964,-2.3799,1,0.1623,0.1123,0.05001,0
0.28126,-3.3864e-05,0,0.0033326,1.2265e-08,86964,-2.3781,1,0.1626,0.1126,0.05001,0
0.28165,-3.3437e-05,0,0.003336,1.2224e-08,86964,-2.3763,1,0.1629,0.1129,0.05001,0
0.28204,-3.3009e-05,0,0.0033395,1.2182e-08,86964,-2.3745,1,0.1632,0.1132,0.05001,0
0.28242,-3.2581e-05,0,0.0033429,1.2141e-08,86964,-2.3728,1,0.1635,0.1135,0.05001,0
0.28278,-3.2145e-05,0,0.0033461,1.2101e-08,86964,-2.3711,1,0.1638,0.1138,0.05001,0
0.28314,-3.1709e-05,0,0.0033492,1.2062e-08,86964,-2.3694,1,0.1641,0.1141,0.05001,0
0.2835,-3.1273e-05,0,0.0033523,1.2022e-08,86964,-2.3677,1,0.1644,0.1144,0.05001,0
0.28386,-3.0837e-05,0,0.0033555,1.1982e-08,86964,-2.366,1,0.1647,0.1147,0.05001,0
0.28422,-3.0401e-05,0,0.0033586,1.1943e-08,86964,-2.3643,1,0.165,0.115,0.05001,0
0.28457,-3.0061e-05,0,0.0033616,1.1904e-08,86964,-2.3626,1,0.1653,0.1153,0.05001,0
0.28491,-2.9871e-05,0,0.0033645,1.1866e-08,86964,-2.361,1,0.1656,0.1156,0.05001,0
0.28524,-2.968e-05,0,0.0033673,1.1828e-08,86964,-2.3594,1,0.1659,0.1159,0.05001,0
0.28557,-2.949e-05,0,0.0033701,1.179e-08,86964,-2.3578,1,0.1662,0.1162,0.05001,0
0.28591,-2.93e-05,0,0.0033729,1.1752e-08,86964,-2.3562,1,0.1665,0.1165,0.05001,0
0.28624,-2.9109e-05,0,0.0033758,1.1714e-08,86964,-2.3545,1,0.1668,0.1168,0.05001,0
0.28656,-2.8859e-05,0,0.0033784,1.1677e-08,86964,-2.353,1,0.1671,0.1171,0.05001,0
0.28687,-2.8573e-05,0,0.003381,1.1641e-08,86965,-2.3514,1,0.1674,0.1174,0.05001,0
0.28718,-2.8287e-05,0,0.0033835,1.1604e-08,86965,-2.3499,1,0.1677,0.1177,0.05001,0
0.28749,-2.8001e-05,0,0.0033861,1.1568e-08,86965,-2.3484,1,0.168,0.118,0.05001,0
0.2878,-2.7715e-05,0,0.0033886,1.1532e-08,86965,-2.3468,1,0.1683,0.1183,0.05001,0
0.2881,-2.7429e-05,0,0.0033912,1.1495e-08,86965,-2.3453,1,0.1686,0.1186,0.05001,0
0.28839,-2.7021e-05,0,0.0033935,1.146e-08,86965,-2.3438,1,0.1689,0.1189,0.05001,0
0.28868,-2.6586e-05,0,0.0033957,1.1425e-08,86965,-2.3423,1,0.1692,0.1192,0.05001,0
0.28896,-2.6152e-05,0,0.003398,1.139e-08,86965,-2.3409,1,0.1695,0.1195,0.05001,0
0.28925,-2.5717e-05,0,0.0034003,1.1355e-08,86965,-2.3394,1,0.1698,0.1198,0.05001,0
0.28953,-2.5282e-05,0,0.0034026,1.132e-08,86965,-2.3379,1,0.1701,0.1201,0.05001,0
0.28982,-2.4848e-05,0,0.0034048,1.1285e-08,86965,-2.3365,1,0.1704,0.1204,0.05001,0
0.29008,-2.443e-05,0,0.0034069,1.1251e-08,86965,-2.3351,1,0.1707,0.1207,0.05001,0
0.29035,-2.4012e-05,0,0.0034089,1.1218e-08,86965,-2.3337,1,0.171,0.121,0.05001,0
0.29061,-2.3594e-05,0,0.0034109,1.1184e-08,86965,-2.3323,1,0.1713,0.1213,0.05001,0
0.29087,-2.3176e-05,0,0.0034129,1.1151e-08,86965,-2.3309,1,0.1716,0.1216,0.05001,0
0.29113,-2.2758e-05,0,0.0034149,1.1117e-08,86965,-2.3294,1,0.1719,0.1219,0.05001,0
0.29139,-2.235e-05,0,0.0034169,1.1084e-08,86965,-2.3281,1,0.1722,0.1222,0.05001,0
0.29164,-2.2031e-05,0,0.0034187,1.1052e-08,86965,-2.3267,1,0.1725,0.1225,0.05001,0
0.29188,-2.1711e-05,0,0.0034205,1.102e-08,86965,-2.3254,1,0.1728,0.1228,0.05001,0
0.29212,-2.1392e-05,0,0.0034223,1.0987e-08,86965,-2.324,1,0.1731,0.1231,0.05001,0
0.29236,-2.1072e-05,0,0.0034241,1.0955e-08,86965,-2.3227,1,0.1734,0.1234,0.05001,0
0.29261,-2.0753e-05,0,0.0034259,1.0923e-08,86965,-2.3214,1,0.1737,0.1237,0.05001,0
0.29285,-2.0449e-05,0,0.0034276,1.0891e-08,86965,-2.32,1,0.174,0.124,0.05001,0
0.29307,-2.0223e-05,0,0.0034292,1.086e-08,86965,-2.3187,1,0.1743,0.1243,0.05001,0
0.29329,-1.9996e-05,0,0.0034308,1.083e-08,86965,-2.3175,1,0.1746,0.1246,0.05001,0
0.29352,-1.9769e-05,0,0.0034324,1.0799e-08,86965,-2.3162,1,0.1749,0.1249,0.05001,0
0.29374,-1.9542e-05,0,0.003434,1.0768e-08,86965,-2.3149,1,0.1752,0.1252,0.05001,0
0.29397,-1.9316e-05,0,0.0034355,1.0737e-08,86965,-2.3136,1,0.1755,0.1255,0.05001,0
0.29419,-1.9088e-05,0,0.0034371,1.0707e-08,86965,-2.3124,1,0.1758,0.1258,0.05001,0
0.29439,-1.8857e-05,0,0.0034384,1.0677e-08,86965,-2.3111,1,0.1761,0.1261,0.05001,0
0.2946,-1.8625e-05,0,0.0034398,1.0648e-08,86965,-2.3099,1,0.1764,0.1264,0.05001,0
0.29481,-1.8394e-05,0,0.0034411,1.0618e-08,86965,-2.3087,1,0.1767,0.1267,0.05001,0
0.29501,-1.8162e-05,0,0.0034425,1.0589e-08,86965,-2.3075,1,0.177,0.127,0.05001,0
0.29522,-1.7931e-05,0,0.0034439,1.0559e-08,86965,-2.3062,1,0.1773,0.1273,0.05001,0
0.29543,-1.7719e-05,0,0.0034452,1.053e-08,86965,-2.305,1,0.1776,0.1276,0.05001,0
0.29562,-1.7586e-05,0,0.0034463,1.0501e-08,86965,-2.3039,1,0.1779,0.1279,0.05001,0
0.29581,-1.7453e-05,0,0.0034475,1.0472e-08,86965,-2.3027,1,0.1782,0.1282,0.05001,0
0.296,-1.7321e-05,0,0.0034486,1.0444e-08,86965,-2.3015,1,0.1785,0.1285,0.05001,0
0.29619,-1.7188e-05,0,0.0034498,1.0415e-08,86965,-2.3003,1,0.1788,0.1288,0.05001,0
0.29638,-1.7055e-05,0,0.0034509,1.0387e-08,86965,-2.2992,1,0.1791,0.1291,0.05001,0
0.29657,-1.6911e-05,0,0.0034521,1.0358e-08,86965,-2.298,1,0.1794,0.1294,0.05001,0
0.29674,-1.6698e-05,0,0.003453,1.033e-08,86965,-2.2969,1,0.1797,0.1297,0.05001,0
0.29692,-1.6486e-05,0,0.003454,1.0303e-08,86965,-2.2958,1,0.18,0.13,0.05001,0
0.2971,-1.6274e-05,0,0.0034549,1.0275e-08,86965,-2.2947,1,0.1803,0.1303,0.05001,0
0.29727,-1.6062e-05,0,0.0034559,1.0247e-08,86966,-2.2935,1,0.1806,0.1306,0.05001,0
0.29745,-1.5849e-05,0,0.0034568,1.022e-08,86966,-2.2924,1,0.1809,0.1309,0.05001,0
0.29762,-1.5632e-05,0,0.0034578,1.0192e-08,86966,-2.2913,1,0.1812,0.1312,0.05001,0
0.29778,-1.5326e-05,0,0.0034585,1.0165e-08,86966,-2.2902,1,0.1815,0.1315,0.05001,0
0.29794,-1.502e-05,0,0.0034593,1.0139e-08,86966,-2.2892,1,0.1818,0.1318,0.05001,0
0.2981,-1.4714e-05,0,0.0034601,1.0112e-08,86966,-2.2881,1,0.1821,0.1321,0.05001,0
0.29826,-1.4408e-05,0,0.0034608,1.0085e-08,86966,-2.287,1,0.1824,0.1324,0.05001,0
0.29842,-1.4102e-05,0,0.0034616,1.0058e-08,86966,-2.286,1,0.1827,0.1327,0.05001,0
0.29858,-1.3796e-05,0,0.0034623,1.0032e-08,86966,-2.2849,1,0.183,0.133,0.05001,0
0.29872,-1.35e-05,0,0.0034629,1.0006e-08,86966,-2.2839,1,0.1833,0.1333,0.05001,0
0.29887,-1.3205e-05,0,0.0034635,9.98e-09,86966,-2.2828,1,0.1836,0.1336,0.05001,0
0.29901,-1.291e-05,0,0.0034641,9.9543e-09,86966,-2.2818,1,0.1839,0.1339,0.05001,0
0.29916,-1.2615e-05,0,0.0034646,9.9285e-09,86966,-2.2808,1,0.1842,0.1342,0.05001,0
0.2993,-1.2321e-05,0,0.0034652,9.9027e-09,86966,-2.2798,1,0.1845,0.1345,0.05001,0
0.29944,-1.2026e-05,0,0.0034658,9.877e-09,86966,-2.2788,1,0.1848,0.1348,0.05001,0
0.29958,-1.1872e-05,0,0.0034662,9.852e-09,86966,-2.2778,1,0.1851,0.1351,0.05001,0
0.29971,-1.1767e-05,0,0.0034667,9.8273e-09,86966,-2.2768,1,0.1854,0.1354,0.05001,0
0.29984,-1.1661e-05,0,0.0034671,9.8027e-09,86966,-2.2758,1,0.1857,0.1357,0.05001,0
0.29997,-1.1556e-05,0,0.0034675,9.778e-09,86966,-2.2748,1,0.186,0.136,0.05001,0
0.30011,-1.1451e-05,0,0.0034679,9.7533e-09,86966,-2.2738,1,0.1863,0.1363,0.05001,0
0.30024,-1.1346e-05,0,0.0034683,9.7286e-09,86966,-2.2729,1,0.1866,0.1366,0.05001,0
0.30036,-1.1322e-05,0,0.0034687,9.7045e-09,86966,-2.2719,1,0.1869,0.1369,0.05001,0
0.30048,-1.1373e-05,0,0.003469,9.6808e-09,86966,-2.271,1,0.1872,0.1372,0.05001,0
0.3006,-1.1423e-05,0,0.0034693,9.6571e-09,86966,-2.27,1,0.1875,0.1375,0.05001,0
0.30073,-1.1473e-05,0,0.0034695,9.6334e-09,86966,-2.2691,1,0.1878,0.1378,0.05001,0
0.30085,-1.1524e-05,0,0.0034698,9.6097e-09,86966,-2.2682,1,0.1881,0.1381,0.05001,0
0.30097,-1.1574e-05,0,0.0034701,9.5861e-09,86966,-2.2672,1,0.1884,0.1384,0.05001,0
0.30109,-1.1598e-05,0,0.0034704,9.5626e-09,86966,-2.2663,1,0.1887,0.1387,0.05001,0
0.3012,-1.1547e-05,0,0.0034705,9.5398e-09,86966,-2.2654,1,0.189,0.139,0.05001,0
0.30131,-1.1496e-05,0,0.0034707,9.5169e-09,86966,-2.2645,1,0.1893,0.1393,0.05001,0
0.30142,-1.1445e-05,0,0.0034709,9.4941e-09,86966,-2.2636,1,0.1896,0.1396,0.05001,0
0.30153,-1.1394e-05,0,0.003471,9.4712e-09,86966,-2.2627,1,0.1899,0.1399,0.05001,0
0.30164,-1.1343e-05,0,0.0034712,9.4484e-09,86966,-2.2618,1,0.1902,0.1402,0.05001,0
0.30175,-1.1291e-05,0,0.0034713,9.4256e-09,86966,-2.2609,1,0.1905,0.1405,0.05001,0
0.30185,-1.1083e-05,0,0.0034714,9.4035e-09,86966,-2.26,1,0.1908,0.1408,0.05001,0
0.30194,-1.0866e-05,0,0.0034714,9.3814e-09,86966,-2.2592,1,0.1911,0.1411,0.05001,0
0.30204,-1.0649e-05,0,0.0034714,9.3594e-09,86966,-2.2583,1,0.1914,0.1414,0.05001,0
0.30214,-1.0432e-05,0,0.0034714,9.3373e-09,86966,-2.2575,1,0.1917,0.1417,0.05001,0
0.30224,-1.0215e-05,0,0.0034714,9.3153e-09,86966,-2.2566,1,0.192,0.142,0.05001,0
0.30234,-9.9979e-06,0,0.0034715,9.2932e-09,86966,-2.2557,1,0.1923,0.1423,0.05001,0
0.30243,-9.794e-06,0,0.0034714,9.2716e-09,86966,-2.2549,1,0.1926,0.1426,0.05001,0
0.30252,-9.599e-06,0,0.0034713,9.2504e-09,86966,-2.2541,1,0.1929,0.1429,0.05001,0
0.30261,-9.404e-06,0,0.0034712,9.2291e-09,86966,-2.2533,1,0.1932,0.1432,0.05001,0
0.3027,-9.209e-06,0,0.0034711,9.2079e-09,86966,-2.2524,1,0.1935,0.1435,0.05001,0
0.30279,-9.014e-06,0,0.003471,9.1867e-09,86966,-2.2516,1,0.1938,0.1438,0.05001,0
0.30287,-8.819e-06,0,0.0034709,9.1654e-09,86966,-2.2508,1,0.1941,0.1441,0.05001,0
0.30296,-8.6526e-06,0,0.0034708,9.1443e-09,86966,-2.25,1,0.1944,0.1444,0.05001,0
0.30304,-8.6023e-06,0,0.0034706,9.1239e-09,86966,-2.2492,1,0.1947,0.1447,0.05001,0
0.30312,-8.5519e-06,0,0.0034703,9.1035e-09,86966,-2.2484,1,0.195,0.145,0.05001,0
0.3032,-8.5015e-06,0,0.0034701,9.083e-09,86966,-2.2476,1,0.1953,0.1453,0.05001,0
0.30328,-8.4511e-06,0,0.0034699,9.0626e-09,86966,-2.2468,1,0.1956,0.1456,0.05001,0
0.30336,-8.4008e-06,0,0.0034697,9.0422e-09,86966,-2.246,1,0.1959,0.1459,0.05001,0
0.30343,-8.3504e-06,0,0.0034695,9.0218e-09,86966,-2.2452,1,0.1962,0.1462,0.05001,0
0.30351,-8.2035e-06,0,0.0034693,9.0019e-09,86966,-2.2445,1,0.1965,0.1465,0.05001,0
0.30358,-8.0255e-06,0,0.003469,8.9823e-09,86966,-2.2437,1,0.1968,0.1468,0.05001,0
0.30365,-7.8476e-06,0,0.0034687,8.9627e-09,86966,-2.243,1,0.1971,0.1471,0.05001,0
0.30372,-7.6697e-06,0,0.0034684,8.943e-09,86966,-2.2422,1,0.1974,0.1474,0.05001,0
0.30379,-7.4918e-06,0,0.0034681,8.9234e-09,86966,-2.2415,1,0.1977,0.1477,0.05001,0
0.30386,-7.3138e-06,0,0.0034678,8.9038e-09,86966,-2.2407,1,0.198,0.148,0.05001,0
0.30393,-7.1463e-06,0,0.0034675,8.8844e-09,86966,-2.24,1,0.1983,0.1483,0.05001,0
0.30399,-7.0071e-06,0,0.0034671,8.8655e-09,86966,-2.2392,1,0.1986,0.1486,0.05001,0
0.30405,-6.8678e-06,0,0.0034667,8.8466e-09,86966,-2.2385,1,0.1989,0.1489,0.05001,0
0.30412,-6.7285e-06,0,0.0034664,8.8277e-09,86966,-2.2378,1,0.1992,0.1492,0.05001,0
0.30418,-6.5892e-06,0,0.003466,8.8089e-09,86966,-2.2371,1,0.1995,0.1495,0.05001,0
0.30424,-6.4499e-06,0,0.0034656,8.79e-09,86966,-2.2363,1,0.1998,0.1498,0.05001,0
0.3043,-6.3106e-06,0,0.0034652,8.7711e-09,86966,-2.2356,1,0.2001,0.1501,0.05001,0
0.30436,-6.2097e-06,0,0.0034648,8.7528e-09,86966,-2.2349,1,0.2004,0.1504,0.05001,0
0.30442,-6.1225e-06,0,0.0034644,8.7346e-09,86966,-2.2342,1,0.2007,0.1507,0.05001,0
0.30447,-6.0353e-06,0,0.003464,8.7164e-09,86966,-2.2335,1,0.201,0.151,0.05001,0
0.30453,-5.9481e-06,0,0.0034635,8.6983e-09,86966,-2.2328,1,0.2013,0.1513,0.05001,0
0.30459,-5.8608e-06,0,0.0034631,8.6801e-09,86966,-2.2321,1,0.2016,0.1516,0.05001,0
0.30464,-5.7736e-06,0,0.0034626,8.662e-09,86966,-2.2314,1,0.2019,0.1519,0.05001,0
0.3047,-5.692e-06,0,0.0034622,8.6439e-09,86966,-2.2307,1,0.2022,0.1522,0.05001,0
0.30475,-5.6398e-06,0,0.0034617,8.6264e-09,86966,-2.2301,1,0.2025,0.1525,0.05001,0
0.3048,-5.5876e-06,0,0.0034612,8.6089e-09,86966,-2.2294,1,0.2028,0.1528,0.05001,0
0.30485,-5.5354e-06,0,0.0034607,8.5914e-09,86966,-2.2287,1,0.2031,0.1531,0.05001,0
0.3049,-5.4832e-06,0,0.0034602,8.574e-09,86966,-2.2281,1,0.2034,0.1534,0.05001,0
0.30495,-5.431e-06,0,0.0034597,8.5565e-09,86966,-2.2274,1,0.2037,0.1537,0.05001,0
0.305,-5.3788e-06,0,0.0034592,8.539e-09,86966,-2.2268,1,0.204,0.154,0.05001,0
0.30505,-5.3441e-06,0,0.0034587,8.5218e-09,86966,-2.2261,1,0.2043,0.1543,0.05001,0
0.30509,-5.3245e-06,0,0.0034581,8.505e-09,86966,-2.2255,1,0.2046,0.1546,0.05001,0
0.30514,-5.305e-06,0,0.0034576,8.4881e-09,86966,-2.2248,1,0.2049,0.1549,0.05001,0
0.30518,-5.2854e-06,0,0.003457,8.4713e-09,86966,-2.2242,1,0.2052,0.1552,0.05001,0
0.30522,-5.2659e-06,0,0.0034565,8.4544e-09,86966,-2.2236,1,0.2055,0.1555,0.05001,0
0.30527,-5.2463e-06,0,0.0034559,8.4376e-09,86966,-2.2229,1,0.2058,0.1558,0.05001,0
0.30531,-5.2267e-06,0,0.0034554,8.4207e-09,86966,-2.2223,1,0.2061,0.1561,0.05001,0
0.30536,-5.2192e-06,0,0.0034548,8.4044e-09,86966,-2.2217,1,0.2064,0.1564,0.05001,0
0.3054,-5.2135e-06,0,0.0034542,8.3882e-09,86966,-2.2211,1,0.2067,0.1567,0.05001,0
0.30543,-5.2078e-06,0,0.0034536,8.372e-09,86966,-2.2205,1,0.207,0.157,0.05001,0
0.30547,-5.2021e-06,0,0.003453,8.3557e-09,86966,-2.2198,1,0.2073,0.1573,0.05001,0
0.30551,-5.1964e-06,0,0.0034524,8.3395e-09,86966,-2.2192,1,0.2076,0.1576,0.05001,0
0.30555,-5.1907e-06,0,0.0034518,8.3233e-09,86966,-2.2186,1,0.2079,0.1579,0.05001,0
0.30559,-5.1824e-06,0,0.0034512,8.3071e-09,86966,-2.218,1,0.2082,0.1582,0.05001,0
0.30563,-5.1593e-06,0,0.0034505,8.2915e-09,86966,-2.2174,1,0.2085,0.1585,0.05001,0
0.30566,-5.1363e-06,0,0.0034499,8.2758e-09,86966,-2.2169,1,0.2088,0.1588,0.05001,0
0.3057,-5.1132e-06,0,0.0034492,8.2601e-09,86966,-2.2163,1,0.2091,0.1591,0.05001,0
0.30573,-5.0902e-06,0,0.0034486,8.2444e-09,86966,-2.2157,1,0.2094,0.1594,0.05001,0
0.30577,-5.0671e-06,0,0.0034479,8.2287e-09,86966,-2.2151,1,0.2097,0.1597,0.05001,0
0.3058,-5.0441e-06,0,0.0034473,8.213e-09,86966,-2.2145,1,0.21,0.16,0.05001,0
0.30584,-5.0099e-06,0,0.0034466,8.1975e-09,86966,-2.214,1,0.2103,0.1603,0.05001,0
0.30587,-4.958e-06,0,0.0034459,8.1823e-09,86966,-2.2134,1,0.2106,0.1606,0.05001,0
0.3059,-4.9061e-06,0,0.0034452,8.1671e-09,86966,-2.2129,1,0.2109,0.1609,0.05001,0
0.30593,-4.8542e-06,0,0.0034445,8.152e-09,86966,-2.2123,1,0.2112,0.1612,0.05001,0
0.30596,-4.8023e-06,0,0.0034438,8.1368e-09,86966,-2.2118,1,0.2115,0.1615,0.05001,0
0.30599,-4.7504e-06,0,0.0034431,8.1216e-09,86966,-2.2112,1,0.2118,0.1618,0.05001,0
0.30602,-4.6985e-06,0,0.0034424,8.1064e-09,86966,-2.2106,1,0.2121,0.1621,0.05001,0
0.30605,-4.6472e-06,0,0.0034417,8.0915e-09,86966,-2.2101,1,0.2124,0.1624,0.05001,0
0.30607,-4.5964e-06,0,0.003441,8.0767e-09,86966,-2.2096,1,0.2127,0.1627,0.05001,0
0.3061,-4.5456e-06,0,0.0034402,8.062e-09,86966,-2.209,1,0.213,0.163,0.05001,0
0.30612,-4.4948e-06,0,0.0034395,8.0473e-09,86966,-2.2085,1,0.2133,0.1633,0.05001,0
0.30615,-4.4439e-06,0,0.0034387,8.0326e-09,86966,-2.208,1,0.2136,0.1636,0.05001,0
0.30617,-4.3931e-06,0,0.003438,8.0179e-09,86966,-2.2075,1,0.2139,0.1639,0.05001,0
0.3062,-4.3423e-06,0,0.0034373,8.0032e-09,86966,-2.2069,1,0.2142,0.1642,0.05001,0
0.30622,-4.2497e-06,0,0.0034365,7.9888e-09,86966,-2.2064,1,0.2145,0.1645,0.05001,0
0.30624,-4.1405e-06,0,0.0034357,7.9745e-09,86966,-2.2059,1,0.2148,0.1648,0.05001,0
0.30626,-4.0314e-06,0,0.0034349,7.9603e-09,86966,-2.2054,1,0.2151,0.1651,0.05001,0
0.30629,-3.9222e-06,0,0.0034342,7.946e-09,86966,-2.2049,1,0.2154,0.1654,0.05001,0
0.30631,-3.8131e-06,0,0.0034334,7.9317e-09,86966,-2.2044,1,0.2157,0.1657,0.05001,0
0.30633,-3.7039e-06,0,0.0034326,7.9175e-09,86966,-2.2039,1,0.216,0.166,0.05001,0
0.30635,-3.5948e-06,0,0.0034318,7.9032e-09,86966,-2.2034,1,0.2163,0.1663,0.05001,0
0.30637,-3.4812e-06,0,0.003431,7.8893e-09,86966,-2.2029,1,0.2166,0.1666,0.05001,0
0.30638,-3.3667e-06,0,0.0034302,7.8756e-09,86966,-2.2025,1,0.2169,0.1669,0.05001,0
0.3064,-3.2522e-06,0,0.0034294,7.8618e-09,86966,-2.202,1,0.2172,0.1672,0.05001,0
0.30642,-3.1376e-06,0,0.0034285,7.848e-09,86966,-2.2015,1,0.2175,0.1675,0.05001,0
0.30643,-3.0231e-06,0,0.0034277,7.8342e-09,86966,-2.201,1,0.2178,0.1678,0.05001,0
0.30645,-2.9085e-06,0,0.0034269,7.8204e-09,86966,-2.2005,1,0.2181,0.1681,0.05001,0
0.30647,-2.794e-06,0,0.0034261,7.8066e-09,86966,-2.2001,1,0.2184,0.1684,0.05001,0
0.30648,-2.7306e-06,0,0.0034252,7.7932e-09,86966,-2.1996,1,0.2187,0.1687,0.05001,0
0.30649,-2.6758e-06,0,0.0034244,7.7798e-09,86966,-2.1992,1,0.219,0.169,0.05001,0
0.30651,-2.621e-06,0,0.0034235,7.7665e-09,86966,-2.1987,1,0.2193,0.1693,0.05001,0
0.30652,-2.5662e-06,0,0.0034227,7.7531e-09,86966,-2.1982,1,0.2196,0.1696,0.05001,0
0.30653,-2.5114e-06,0,0.0034218,7.7398e-09,86966,-2.1978,1,0.2199,0.1699,0.05001,0
0.30654,-2.4566e-06,0,0.003421,7.7264e-09,86966,-2.1973,1,0.2202,0.1702,0.05001,0
0.30656,-2.4018e-06,0,0.0034201,7.7131e-09,86966,-2.1969,1,0.2205,0.1705,0.05001,0
0.30657,-2.3635e-06,0,0.0034192,7.7001e-09,86966,-2.1965,1,0.2208,0.1708,0.05001,0
0.30658,-2.3281e-06,0,0.0034184,7.6873e-09,86966,-2.196,1,0.2211,0.1711,0.05001,0
0.30659,-2.2927e-06,0,0.0034175,7.6744e-09,86966,-2.1956,1,0.2214,0.1714,0.05001,0
0.3066,-2.2573e-06,0,0.0034166,7.6615e-09,86966,-2.1952,1,0.2217,0.1717,0.05001,0
0.30661,-2.2219e-06,0,0.0034157,7.6486e-09,86966,-2.1947,1,0.222,0.172,0.05001,0
0.30661,-2.1865e-06,0,0.0034149,7.6357e-09,86966,-2.1943,1,0.2223,0.1723,0.05001,0
0.30662,-2.1511e-06,0,0.003414,7.6229e-09,86966,-2.1939,1,0.2226,0.1726,0.05001,0
0.30663,-2.0738e-06,0,0.0034131,7.6103e-09,86966,-2.1935,1,0.2229,0.1729,0.05001,0
0.30664,-1.9861e-06,0,0.0034122,7.5979e-09,86966,-2.193,1,0.2232,0.1732,0.05001,0
0.30664,-1.8984e-06,0,0.0034113,7.5855e-09,86966,-2.1926,1,0.2235,0.1735,0.05001,0
0.30665,-1.8107e-06,0,0.0034104,7.573e-09,86966,-2.1922,1,0.2238,0.1738,0.05001,0
0.30666,-1.723e-06,0,0.0034095,7.5606e-09,86966,-2.1918,1,0.2241,0.1741,0.05001,0
0.30666,-1.6353e-06,0,0.0034086,7.5481e-09,86966,-2.1914,1,0.2244,0.1744,0.05001,0
0.30667,-1.5476e-06,0,0.0034077,7.5357e-09,86966,-2.191,1,0.2247,0.1747,0.05001,0
0.30667,-1.4925e-06,0,0.0034068,7.5236e-09,86966,-2.1906,1,0.225,0.175,0.05001,0
0.30668,-1.4514e-06,0,0.0034059,7.5115e-09,86966,-2.1902,1,0.2253,0.1753,0.05001,0
0.30668,-1.4104e-06,0,0.003405,7.4995e-09,86966,-2.1898,1,0.2256,0.1756,0.05001,0
0.30669,-1.3693e-06,0,0.0034041,7.4875e-09,86966,-2.1895,1,0.2259,0.1759,0.05001,0
0.30669,-1.3283e-06,0,0.0034031,7.4755e-09,86966,-2.1891,1,0.2262,0.1762,0.05001,0
0.3067,-1.2872e-06,0,0.0034022,7.4635e-09,86966,-2.1887,1,0.2265,0.1765,0.05001,0
0.3067,-1.2461e-06,0,0.0034013,7.4514e-09,86966,-2.1883,1,0.2268,0.1768,0.05001,0
0.3067,-1.2773e-06,0,0.0034004,7.4396e-09,86966,-2.1879,1,0.2271,0.1771,0.05001,0
0.30671,-1.3681e-06,0,0.0033995,7.428e-09,86966,-2.1875,1,0.2274,0.1774,0.05001,0
0.30671,-1.4589e-06,0,0.0033986,7.4164e-09,86966,-2.1872,1,0.2277,0.1777,0.05001,0
0.30671,-1.5497e-06,0,0.0033977,7.4048e-09,86966,-2.1868,1,0.228,0.178,0.05001,0
0.30671,-1.6406e-06,0,0.0033967,7.3932e-09,86966,-2.1865,1,0.2283,0.1783,0.05001,0
0.30672,-1.7314e-06,0,0.0033958,7.3816e-09,86966,-2.1861,1,0.2286,0.1786,0.05001,0
0.30672,-1.8222e-06,0,0.0033949,7.3699e-09,86966,-2.1857,1,0.2289,0.1789,0.05001,0
0.30672,-1.8954e-06,0,0.003394,7.3584e-09,86966,-2.1854,1,0.2292,0.1792,0.05001,0
0.30672,-1.9352e-06,0,0.003393,7.3471e-09,86966,-2.185,1,0.2295,0.1795,0.05001,0
0.30672,-1.975e-06,0,0.0033921,7.3358e-09,86966,-2.1847,1,0.2298,0.1798,0.05001,0
0.30672,-2.0148e-06,0,0.0033912,7.3244e-09,86966,-2.1843,1,0.2301,0.1801,0.05001,0
0.30672,-2.0547e-06,0,0.0033902,7.3131e-09,86966,-2.184,1,0.2304,0.1804,0.05001,0
0.30672,-2.0945e-06,0,0.0033893,7.3017e-09,86966,-2.1836,1,0.2307,0.1807,0.05001,0
0.30673,-2.1343e-06,0,0.0033884,7.2904e-09,86966,-2.1833,1,0.231,0.181,0.05001,0
0.30673,-2.1677e-06,0,0.0033874,7.2791e-09,86966,-2.183,1,0.2313,0.1813,0.05001,0
0.30672,-2.1397e-06,0,0.0033865,7.268e-09,86966,-2.1826,1,0.2316,0.1816,0.05001,0
0.30672,-2.1118e-06,0,0.0033855,7.2569e-09,86966,-2.1823,1,0.2319,0.1819,0.05001,0
0.30672,-2.0838e-06,0,0.0033846,7.2458e-09,86966,-2.182,1,0.2322,0.1822,0.05001,0
0.30672,-2.0559e-06,0,0.0033836,7.2347e-09,86966,-2.1817,1,0.2325,0.1825,0.05001,0
0.30672,-2.0279e-06,0,0.0033827,7.2236e-09,86966,-2.1814,1,0.2328,0.1828,0.05001,0
0.30672,-1.9999e-06,0,0.0033817,7.2125e-09,86966,-2.181,1,0.2331,0.1831,0.05001,0
0.30672,-1.972e-06,0,0.0033808,7.2014e-09,86966,-2.1807,1,0.2334,0.1834,0.05001,0
0.30672,-1.9368e-06,0,0.0033798,7.1904e-09,86966,-2.1804,1,0.2337,0.1837,0.05001,0
0.30671,-1.8997e-06,0,0.0033788,7.1796e-09,86966,-2.1801,1,0.234,0.184,0.05001,0
0.30671,-1.8626e-06,0,0.0033779,7.1687e-09,86966,-2.1798,1,0.2343,0.1843,0.05001,0
0.30671,-1.8255e-06,0,0.0033769,7.1578e-09,86966,-2.1795,1,0.2346,0.1846,0.05001,0
0.3067,-1.7883e-06,0,0.0033759,7.1469e-09,86966,-2.1792,1,0.2349,0.1849,0.05001,0
0.3067,-1.7512e-06,0,0.0033749,7.136e-09,86966,-2.1789,1,0.2352,0.1852,0.05001,0
0.3067,-1.7141e-06,0,0.003374,7.1251e-09,86966,-2.1786,1,0.2355,0.1855,0.05001,0
0.30669,-1.6782e-06,0,0.003373,7.1143e-09,86966,-2.1783,1,0.2358,0.1858,0.05001,0
0.30669,-1.6438e-06,0,0.0033719,7.1036e-09,86966,-2.1781,1,0.2361,0.1861,0.05001,0
0.30668,-1.6093e-06,0,0.0033709,7.0929e-09,86966,-2.1778,1,0.2364,0.1864,0.05001,0
0.30667,-1.5749e-06,0,0.0033699,7.0822e-09,86966,-2.1775,1,0.2367,0.1867,0.05001,0
0.30667,-1.5405e-06,0,0.0033689,7.0715e-09,86966,-2.1772,1,0.237,0.187,0.05001,0
0.30666,-1.5061e-06,0,0.0033679,7.0608e-09,86966,-2.177,1,0.2373,0.1873,0.05001,0
0.30666,-1.4716e-06,0,0.0033669,7.05e-09,86966,-2.1767,1,0.2376,0.1876,0.05001,0
0.30665,-1.4364e-06,0,0.0033659,7.0393e-09,86966,-2.1764,1,0.2379,0.1879,0.05001,0
0.30664,-1.3794e-06,0,0.0033648,7.0289e-09,86966,-2.1762,1,0.2382,0.1882,0.05001,0
0.30663,-1.3223e-06,0,0.0033638,7.0184e-09,86966,-2.1759,1,0.2385,0.1885,0.05001,0
0.30662,-1.2652e-06,0,0.0033628,7.0079e-09,86966,-2.1756,1,0.2388,0.1888,0.05001,0
0.30662,-1.2081e-06,0,0.0033617,6.9975e-09,86966,-2.1754,1,0.2391,0.1891,0.05001,0
0.30661,-1.1511e-06,0,0.0033607,6.987e-09,86966,-2.1751,1,0.2394,0.1894,0.05001,0
0.3066,-1.094e-06,0,0.0033597,6.9765e-09,86966,-2.1749,1,0.2397,0.1897,0.05001,0
0.30659,-1.0369e-06,0,0.0033586,6.9661e-09,86966,-2.1746,1,0.24,0.19,0.05001,0
0.30658,-9.6733e-07,0,0.0033576,6.9558e-09,86966,-2.1744,1,0.2403,0.1903,0.05001,0
0.30657,-8.8855e-07,0,0.0033565,6.9456e-09,86966,-2.1742,1,0.2406,0.1906,0.05001,0
0.30656,-8.0978e-07,0,0.0033555,6.9355e-09,86966,-2.1739,1,0.2409,0.1909,0.05001,0
0.30655,-7.31e-07,0,0.0033544,6.9253e-09,86966,-2.1737,1,0.2412,0.1912,0.05001,0
0.30653,-6.5222e-07,0,0.0033534,6.9152e-09,86966,-2.1735,1,0.2415,0.1915,0.05001,0
0.30652,-5.7345e-07,0,0.0033523,6.905e-09,86966,-2.1732,1,0.2418,0.1918,0.05001,0
0.30651,-4.9467e-07,0,0.0033513,6.8949e-09,86966,-2.173,1,0.2421,0.1921,0.05001,0
0.3065,-4.165e-07,0,0.0033502,6.8848e-09,86966,-2.1728,1,0.2424,0.1924,0.05001,0
0.30649,-3.4648e-07,0,0.0033492,6.875e-09,86966,-2.1725,1,0.2427,0.1927,0.05001,0
0.30647,-2.7646e-07,0,0.0033481,6.8652e-09,86966,-2.1723,1,0.243,0.193,0.05001,0
0.30646,-2.0644e-07,0,0.0033471,6.8555e-09,86966,-2.1721,1,0.2433,0.1933,0.05001,0
0.30645,-1.3641e-07,0,0.003346,6.8457e-09,86966,-2.1719,1,0.2436,0.1936,0.05001,0
0.30643,-6.6389e-08,0,0.003345,6.8359e-09,86966,-2.1717,1,0.2439,0.1939,0.05001,0
0.30642,3.6304e-09,0,0.0033439,6.8262e-09,86966,-2.1715,1,0.2442,0.1942,0.05001,0
0.3064,7.3654e-08,0,0.0033429,6.8164e-09,86966,-2.1713,1,0.2445,0.1945,0.05001,0
0.30639,1.3145e-07,0,0.0033418,6.8068e-09,86966,-2.1711,1,0.2448,0.1948,0.05001,0
0.30638,1.7742e-07,0,0.0033408,6.7974e-09,86966,-2.1709,1,0.2451,0.1951,0.05001,0
0.30636,2.234e-07,0,0.0033397,6.788e-09,86966,-2.1707,1,0.2454,0.1954,0.05001,0
0.30635,2.6937e-07,0,0.0033387,6.7786e-09,86966,-2.1705,1,0.2457,0.1957,0.05001,0
0.30633,3.1534e-07,0,0.0033376,6.7692e-09,86966,-2.1703,1,0.246,0.196,0.05001,0
0.30632,3.6131e-07,0,0.0033366,6.7598e-09,86966,-2.1701,1,0.2463,0.1963,0.05001,0
0.3063,4.0729e-07,0,0.0033355,6.7504e-09,86966,-2.1699,1,0.2466,0.1966,0.05001,0
0.30629,4.5326e-07,0,0.0033345,6.7411e-09,86966,-2.1697,1,0.2469,0.1969,0.05001,0
0.30627,4.8569e-07,0,0.0033334,6.7319e-09,86966,-2.1695,1,0.2472,0.1972,0.05001,0
0.30625,5.1653e-07,0,0.0033324,6.7228e-09,86966,-2.1694,1,0.2475,0.1975,0.05001,0
0.30624,5.4736e-07,0,0.0033313,6.7137e-09,86966,-2.1692,1,0.2478,0.1978,0.05001,0
0.30622,5.782e-07,0,0.0033303,6.7046e-09,86966,-2.169,1,0.2481,0.1981,0.05001,0
0.30621,6.0903e-07,0,0.0033292,6.6954e-09,86966,-2.1688,1,0.2484,0.1984,0.05001,0
0.30619,6.3987e-07,0,0.0033282,6.6863e-09,86966,-2.1687,1,0.2487,0.1987,0.05001,0
0.30617,6.707e-07,0,0.0033271,6.6772e-09,86966,-2.1685,1,0.249,0.199,0.05001,0
0.30616,6.9408e-07,0,0.0033261,6.6681e-09,86966,-2.1683,1,0.2493,0.1993,0.05001,0
0.30614,6.9209e-07,0,0.0033251,6.6593e-09,86966,-2.1682,1,0.2496,0.1996,0.05001,0
0.30612,6.9011e-07,0,0.003324,6.6504e-09,86966,-2.168,1,0.2499,0.1999,0.05001,0
0.30611,6.8812e-07,0,0.003323,6.6415e-09,86966,-2.1679,1,0.2502,0.2002,0.05001,0
0.30609,6.8613e-07,0,0.0033219,6.6326e-09,86966,-2.1677,1,0.2505,0.2005,0.05001,0
0.30608,6.8414e-07,0,0.0033209,6.6237e-09,86966,-2.1676,1,0.2508,0.2008,0.05001,0
0.30606,6.8216e-07,0,0.0033199,6.6149e-09,86966,-2.1674,1,0.2511,0.2011,0.05001,0
0.30604,6.8017e-07,0,0.0033188,6.606e-09,86966,-2.1672,1,0.2514,0.2014,0.05001,0
0.30603,6.8517e-07,0,0.0033178,6.5972e-09,86966,-2.1671,1,0.2517,0.2017,0.05001,0
0.30601,6.9699e-07,0,0.0033167,6.5886e-09,86966,-2.167,1,0.252,0.202,0.05001,0
0.30599,7.088e-07,0,0.0033157,6.5799e-09,86966,-2.1668,1,0.2523,0.2023,0.05001,0
0.30597,7.2061e-07,0,0.0033147,6.5713e-09,86966,-2.1667,1,0.2526,0.2026,0.05001,0
0.30596,7.3243e-07,0,0.0033137,6.5627e-09,86966,-2.1666,1,0.2529,0.2029,0.05001,0
0.30594,7.4424e-07,0,0.0033126,6.554e-09,86966,-2.1664,1,0.2532,0.2032,0.05001,0
0.30592,7.5605e-07,0,0.0033116,6.5454e-09,86966,-2.1663,1,0.2535,0.2035,0.05001,0
0.30591,7.6787e-07,0,0.0033106,6.5368e-09,86966,-2.1661,1,0.2538,0.2038,0.05001,0
0.30589,7.2883e-07,0,0.0033095,6.5283e-09,86966,-2.166,1,0.2541,0.2041,0.05001,0
0.30587,6.7112e-07,0,0.0033085,6.5199e-09,86966,-2.1659,1,0.2544,0.2044,0.05001,0
0.30585,6.1343e-07,0,0.0033075,6.5115e-09,86966,-2.1658,1,0.2547,0.2047,0.05001,0
0.30584,5.5572e-07,0,0.0033065,6.5031e-09,86966,-2.1657,1,0.255,0.205,0.05001,0
0.30582,4.9802e-07,0,0.0033055,6.4947e-09,86966,-2.1656,1,0.2553,0.2053,0.05001,0
0.3058,4.4032e-07,0,0.0033045,6.4863e-09,86966,-2.1654,1,0.2556,0.2056,0.05001,0
0.30578,3.8262e-07,0,0.0033034,6.4779e-09,86966,-2.1653,1,0.2559,0.2059,0.05001,0
0.30577,3.2492e-07,0,0.0033024,6.4695e-09,86966,-2.1652,1,0.2562,0.2062,0.05001,0
0.30575,3.3426e-07,0,0.0033014,6.4613e-09,86966,-2.1651,1,0.2565,0.2065,0.05001,0
0.30573,3.5085e-07,0,0.0033004,6.4532e-09,86966,-2.165,1,0.2568,0.2068,0.05001,0
0.30572,3.6744e-07,0,0.0032994,6.445e-09,86966,-2.1649,1,0.2571,0.2071,0.05001,0
0.3057,3.8402e-07,0,0.0032984,6.4368e-09,86966,-2.1648,1,0.2574,0.2074,0.05001,0
0.30568,4.0061e-07,0,0.0032974,6.4286e-09,86966,-2.1647,1,0.2577,0.2077,0.05001,0
0.30566,4.172e-07,0,0.0032964,6.4205e-09,86966,-2.1646,1,0.258,0.208,0.05001,0
0.30565,4.3378e-07,0,0.0032954,6.4123e-09,86966,-2.1645,1,0.2583,0.2083,0.05001,0
0.30563,4.5004e-07,0,0.0032944,6.4041e-09,86966,-2.1644,1,0.2586,0.2086,0.05001,0
0.30561,4.4901e-07,0,0.0032934,6.3962e-09,86966,-2.1644,1,0.2589,0.2089,0.05001,0
0.30559,4.4799e-07,0,0.0032924,6.3882e-09,86966,-2.1643,1,0.2592,0.2092,0.05001,0
0.30557,4.4696e-07,0,0.0032914,6.3803e-09,86966,-2.1642,1,0.2595,0.2095,0.05001,0
0.30555,4.4593e-07,0,0.0032904,6.3723e-09,86966,-2.1641,1,0.2598,0.2098,0.05001,0
0.30554,4.449e-07,0,0.0032894,6.3644e-09,86966,-2.164,1,0.2601,0.2101,0.05001,0
0.30552,4.4388e-07,0,0.0032884,6.3565e-09,86966,-2.164,1,0.2604,0.2104,0.05001,0
0.3055,4.4285e-07,0,0.0032874,6.3485e-09,86966,-2.1639,1,0.2607,0.2107,0.05001,0
0.30548,4.3839e-07,0,0.0032863,6.3406e-09,86966,-2.1638,1,0.261,0.211,0.05001,0
0.30546,3.9439e-07,0,0.0032853,6.3329e-09,86966,-2.1638,1,0.2613,0.2113,0.05001,0
0.30544,3.5039e-07,0,0.0032843,6.3252e-09,86966,-2.1637,1,0.2616,0.2116,0.05001,0
0.30542,3.0639e-07,0,0.0032833,6.3175e-09,86966,-2.1636,1,0.2619,0.2119,0.05001,0
0.3054,2.6239e-07,0,0.0032823,6.3098e-09,86966,-2.1636,1,0.2622,0.2122,0.05001,0
0.30539,2.1838e-07,0,0.0032813,6.3021e-09,86966,-2.1635,1,0.2625,0.2125,0.05001,0
0.30537,1.7438e-07,0,0.0032803,6.2944e-09,86966,-2.1635,1,0.2628,0.2128,0.05001,0
0.30535,1.3038e-07,0,0.0032793,6.2867e-09,86966,-2.1634,1,0.2631,0.2131,0.05001,0
0.30533,8.1977e-08,0,0.0032783,6.279e-09,86966,-2.1633,1,0.2634,0.2134,0.05001,0
0.30531,-1.3593e-08,0,0.0032773,6.2715e-09,86966,-2.1633,1,0.2637,0.2137,0.05001,0
0.30529,-1.0917e-07,0,0.0032764,6.264e-09,86966,-2.1633,1,0.264,0.214,0.05001,0
0.30527,-2.0474e-07,0,0.0032754,6.2566e-09,86966,-2.1632,1,0.2643,0.2143,0.05001,0
0.30525,-3.0031e-07,0,0.0032744,6.2491e-09,86966,-2.1632,1,0.2646,0.2146,0.05001,0
0.30523,-3.9589e-07,0,0.0032734,6.2416e-09,86966,-2.1631,1,0.2649,0.2149,0.05001,0
0.30521,-4.9146e-07,0,0.0032724,6.2342e-09,86966,-2.1631,1,0.2652,0.2152,0.05001,0
0.30519,-5.8703e-07,0,0.0032714,6.2267e-09,86966,-2.1631,1,0.2655,0.2155,0.05001,0
0.30517,-6.7759e-07,0,0.0032705,6.2192e-09,86966,-2.163,1,0.2658,0.2158,0.05001,0
0.30515,-6.2983e-07,0,0.0032695,6.212e-09,86966,-2.163,1,0.2661,0.2161,0.05001,0
0.30513,-5.8206e-07,0,0.0032685,6.2048e-09,86966,-2.163,1,0.2664,0.2164,0.05001,0
0.30511,-5.343e-07,0,0.0032676,6.1975e-09,86966,-2.163,1,0.2667,0.2167,0.05001,0
0.30509,-4.8653e-07,0,0.0032666,6.1903e-09,86966,-2.1629,1,0.267,0.217,0.05001,0
0.30507,-4.3877e-07,0,0.0032656,6.183e-09,86966,-2.1629,1,0.2673,0.2173,0.05001,0
0.30505,-3.91e-07,0,0.0032647,6.1758e-09,86966,-2.1629,1,0.2676,0.2176,0.05001,0
0.30503,-3.4323e-07,0,0.0032637,6.1685e-09,86966,-2.1629,1,0.2679,0.2179,0.05001,0
0.30501,-2.9547e-07,0,0.0032627,6.1613e-09,86966,-2.1629,1,0.2682,0.2182,0.05001,0
0.30499,-2.125e-07,0,0.0032618,6.1542e-09,86966,-2.1628,1,0.2685,0.2185,0.05001,0
0.30497,-1.2682e-07,0,0.0032608,6.1472e-09,86966,-2.1628,1,0.2688,0.2188,0.05001,0
0.30495,-4.1134e-08,0,0.0032598,6.1402e-09,86966,-2.1628,1,0.2691,0.2191,0.05001,0
0.30493,4.455e-08,0,0.0032588,6.1331e-09,86966,-2.1628,1,0.2694,0.2194,0.05001,0
0.30491,1.3023e-07,0,0.0032578,6.1261e-09,86966,-2.1628,1,0.2697,0.2197,0.05001,0
0.30489,2.1591e-07,0,0.0032569,6.1191e-09,86966,-2.1628,1,0.27,0.22,0.05001,0
0.30487,3.016e-07,0,0.0032559,6.1121e-09,86966,-2.1628,1,0.2703,0.2203,0.05001,0
0.30484,3.8728e-07,0,0.0032549,6.105e-09,86966,-2.1628,1,0.2706,0.2206,0.05001,0
0.30482,2.717e-07,0,0.003254,6.0982e-09,86966,-2.1628,1,0.2709,0.2209,0.05001,0
0.3048,9.433e-08,0,0.003253,6.0914e-09,86966,-2.1629,1,0.2712,0.2212,0.05001,0
0.30478,-8.3031e-08,0,0.003252,6.0846e-09,86966,-2.1629,1,0.2715,0.2215,0.05001,0
0.30476,-2.604e-07,0,0.0032511,6.0778e-09,86966,-2.1629,1,0.2718,0.2218,0.05001,0
0.30474,-4.3777e-07,0,0.0032501,6.071e-09,86966,-2.1629,1,0.2721,0.2221,0.05001,0
0.30472,-6.1513e-07,0,0.0032491,6.0642e-09,86966,-2.1629,1,0.2724,0.2224,0.05001,0
0.3047,-7.925e-07,0,0.0032482,6.0574e-09,86966,-2.1629,1,0.2727,0.2227,0.05001,0
0.30468,-9.6987e-07,0,0.0032472,6.0507e-09,86966,-2.1629,1,0.273,0.223,0.05001,0
0.30466,-1.0835e-06,0,0.0032463,6.044e-09,86966,-2.163,1,0.2733,0.2233,0.05001,0
0.30464,-1.1438e-06,0,0.0032453,6.0374e-09,86966,-2.163,1,0.2736,0.2236,0.05001,0
0.30462,-1.2042e-06,0,0.0032444,6.0308e-09,86966,-2.163,1,0.2739,0.2239,0.05001,0
0.3046,-1.2645e-06,0,0.0032435,6.0242e-09,86966,-2.163,1,0.2742,0.2242,0.05001,0
0.30458,-1.3248e-06,0,0.0032426,6.0176e-09,86966,-2.1631,1,0.2745,0.2245,0.05001,0
0.30456,-1.3852e-06,0,0.0032416,6.011e-09,86966,-2.1631,1,0.2748,0.2248,0.05001,0
0.30454,-1.4455e-06,0,0.0032407,6.0044e-09,86966,-2.1631,1,0.2751,0.2251,0.05001,0
0.30452,-1.5059e-06,0,0.0032398,5.9978e-09,86966,-2.1632,1,0.2754,0.2254,0.05001,0
0.3045,-1.5494e-06,0,0.0032388,5.9913e-09,86966,-2.1632,1,0.2757,0.2257,0.05001,0
0.30448,-1.5468e-06,0,0.0032379,5.9848e-09,86966,-2.1633,1,0.276,0.226,0.05001,0
0.30446,-1.5442e-06,0,0.003237,5.9784e-09,86966,-2.1633,1,0.2763,0.2263,0.05001,0
0.30444,-1.5417e-06,0,0.0032361,5.9719e-09,86966,-2.1634,1,0.2766,0.2266,0.05001,0
0.30442,-1.5391e-06,0,0.0032351,5.9655e-09,86966,-2.1634,1,0.2769,0.2269,0.05001,0
0.3044,-1.5365e-06,0,0.0032342,5.959e-09,86966,-2.1635,1,0.2772,0.2272,0.05001,0
0.30438,-1.5339e-06,0,0.0032333,5.9526e-09,86966,-2.1635,1,0.2775,0.2275,0.05001,0
0.30436,-1.5313e-06,0,0.0032324,5.9461e-09,86966,-2.1636,1,0.2778,0.2278,0.05001,0
0.30434,-1.5288e-06,0,0.0032315,5.9397e-09,86966,-2.1636,1,0.2781,0.2281,0.05001,0
0.30432,-1.5747e-06,0,0.0032305,5.9333e-09,86966,-2.1637,1,0.2784,0.2284,0.05001,0
0.3043,-1.6242e-06,0,0.0032296,5.927e-09,86966,-2.1637,1,0.2787,0.2287,0.05001,0
0.30427,-1.6738e-06,0,0.0032287,5.9207e-09,86966,-2.1638,1,0.279,0.229,0.05001,0
0.30425,-1.7233e-06,0,0.0032278,5.9144e-09,86966,-2.1639,1,0.2793,0.2293,0.05001,0
0.30423,-1.7728e-06,0,0.0032269,5.9081e-09,86966,-2.164,1,0.2796,0.2296,0.05001,0
0.30421,-1.8224e-06,0,0.0032259,5.9017e-09,86966,-2.164,1,0.2799,0.2299,0.05001,0
0.30419,-1.8719e-06,0,0.003225,5.8954e-09,86966,-2.1641,1,0.2802,0.2302,0.05001,0
0.30417,-1.9214e-06,0,0.0032241,5.8891e-09,86966,-2.1642,1,0.2805,0.2305,0.05001,0
0.30415,-1.9889e-06,0,0.0032232,5.8828e-09,86966,-2.1642,1,0.2808,0.2308,0.05001,0
0.30413,-2.0718e-06,0,0.0032223,5.8766e-09,86966,-2.1643,1,0.2811,0.2311,0.05001,0
0.30411,-2.1547e-06,0,0.0032213,5.8704e-09,86966,-2.1644,1,0.2814,0.2314,0.05001,0
0.30409,-2.2375e-06,0,0.0032204,5.8642e-09,86966,-2.1645,1,0.2817,0.2317,0.05001,0
0.30407,-2.3204e-06,0,0.0032195,5.858e-09,86966,-2.1646,1,0.282,0.232,0.05001,0
0.30405,-2.4033e-06,0,0.0032185,5.8518e-09,86966,-2.1647,1,0.2823,0.2323,0.05001,0
0.30403,-2.4862e-06,0,0.0032176,5.8455e-09,86966,-2.1648,1,0.2826,0.2326,0.05001,0
0.30401,-2.5691e-06,0,0.0032167,5.8393e-09,86966,-2.1649,1,0.2829,0.2329,0.05001,0
0.30399,-2.6511e-06,0,0.0032158,5.8331e-09,86966,-2.1649,1,0.2832,0.2332,0.05001,0
0.30397,-2.7236e-06,0,0.0032148,5.8269e-09,86966,-2.1651,1,0.2835,0.2335,0.05001,0
0.30395,-2.796e-06,0,0.0032139,5.8208e-09,86966,-2.1652,1,0.2838,0.2338,0.05001,0
0.30393,-2.8685e-06,0,0.003213,5.8146e-09,86966,-2.1653,1,0.2841,0.2341,0.05001,0
0.30391,-2.941e-06,0,0.003212,5.8084e-09,86966,-2.1654,1,0.2844,0.2344,0.05001,0
0.30389,-3.0134e-06,0,0.0032111,5.8023e-09,86966,-2.1655,1,0.2847,0.2347,0.05001,0
0.30387,-3.0859e-06,0,0.0032102,5.7961e-09,86966,-2.1656,1,0.285,0.235,0.05001,0
0.30385,-3.1583e-06,0,0.0032092,5.7899e-09,86966,-2.1657,1,0.2853,0.2353,0.05001,0
0.30382,-3.2308e-06,0,0.0032083,5.7837e-09,86966,-2.1658,1,0.2856,0.2356,0.05001,0
0.3038,-3.289e-06,0,0.0032073,5.7776e-09,86966,-2.1659,1,0.2859,0.2359,0.05001,0
0.30378,-3.3366e-06,0,0.0032064,5.7714e-09,86966,-2.1661,1,0.2862,0.2362,0.05001,0
0.30376,-3.3842e-06,0,0.0032054,5.7652e-09,86966,-2.1662,1,0.2865,0.2365,0.05001,0
0.30374,-3.4319e-06,0,0.0032044,5.759e-09,86966,-2.1663,1,0.2868,0.2368,0.05001,0
0.30372,-3.4795e-06,0,0.0032035,5.7528e-09,86966,-2.1664,1,0.2871,0.2371,0.05001,0
0.3037,-3.5271e-06,0,0.0032025,5.7466e-09,86966,-2.1666,1,0.2874,0.2374,0.05001,0
0.30367,-3.5747e-06,0,0.0032016,5.7404e-09,86966,-2.1667,1,0.2877,0.2377,0.05001,0
0.30365,-3.6223e-06,0,0.0032006,5.7343e-09,86966,-2.1668,1,0.288,0.238,0.05001,0
0.30363,-3.6699e-06,0,0.0031996,5.7281e-09,86966,-2.1669,1,0.2883,0.2383,0.05001,0
0.30361,-3.7e-06,0,0.0031987,5.7219e-09,86966,-2.1671,1,0.2886,0.2386,0.05001,0
0.30359,-3.7301e-06,0,0.0031977,5.7156e-09,86966,-2.1672,1,0.2889,0.2389,0.05001,0
0.30356,-3.7602e-06,0,0.0031967,5.7094e-09,86966,-2.1674,1,0.2892,0.2392,0.05001,0
0.30354,-3.7903e-06,0,0.0031957,5.7032e-09,86966,-2.1675,1,0.2895,0.2395,0.05001,0
0.30352,-3.8204e-06,0,0.0031947,5.697e-09,86966,-2.1677,1,0.2898,0.2398,0.05001,0
0.3035,-3.8505e-06,0,0.0031937,5.6908e-09,86966,-2.1678,1,0.2901,0.2401,0.05001,0
0.30347,-3.8806e-06,0,0.0031927,5.6845e-09,86966,-2.168,1,0.2904,0.2404,0.05001,0
0.30345,-3.9107e-06,0,0.0031917,5.6783e-09,86966,-2.1681,1,0.2907,0.2407,0.05001,0
0.30343,-3.9389e-06,0,0.0031907,5.6721e-09,86966,-2.1683,1,0.291,0.241,0.05001,0
0.3034,-3.964e-06,0,0.0031897,5.6658e-09,86966,-2.1685,1,0.2913,0.2413,0.05001,0
0.30338,-3.989e-06,0,0.0031887,5.6595e-09,86966,-2.1686,1,0.2916,0.2416,0.05001,0
0.30336,-4.014e-06,0,0.0031876,5.6532e-09,86966,-2.1688,1,0.2919,0.2419,0.05001,0
0.30333,-4.0391e-06,0,0.0031866,5.6469e-09,86966,-2.169,1,0.2922,0.2422,0.05001,0
0.30331,-4.0641e-06,0,0.0031856,5.6406e-09,86966,-2.1691,1,0.2925,0.2425,0.05001,0
0.30328,-4.0891e-06,0,0.0031845,5.6343e-09,86966,-2.1693,1,0.2928,0.2428,0.05001,0
0.30326,-4.1141e-06,0,0.0031835,5.628e-09,86966,-2.1695,1,0.2931,0.2431,0.05001,0
0.30323,-4.1392e-06,0,0.0031825,5.6217e-09,86966,-2.1696,1,0.2934,0.2434,0.05001,0
0.30321,-4.1917e-06,0,0.0031814,5.6153e-09,86966,-2.1698,1,0.2937,0.2437,0.05001,0
0.30319,-4.2572e-06,0,0.0031803,5.6089e-09,86966,-2.17,1,0.294,0.244,0.05001,0
0.30316,-4.3227e-06,0,0.0031793,5.6025e-09,86966,-2.1702,1,0.2943,0.2443,0.05001,0
0.30314,-4.3882e-06,0,0.0031782,5.5961e-09,86966,-2.1704,1,0.2946,0.2446,0.05001,0
0.30311,-4.4537e-06,0,0.0031772,5.5897e-09,86966,-2.1706,1,0.2949,0.2449,0.05001,0
0.30309,-4.5192e-06,0,0.0031761,5.5833e-09,86966,-2.1708,1,0.2952,0.2452,0.05001,0
0.30306,-4.5847e-06,0,0.003175,5.577e-09,86966,-2.171,1,0.2955,0.2455,0.05001,0
0.30304,-4.6502e-06,0,0.003174,5.5706e-09,86966,-2.1711,1,0.2958,0.2458,0.05001,0
0.30301,-4.7157e-06,0,0.0031729,5.5642e-09,86966,-2.1713,1,0.2961,0.2461,0.05001,0
0.30298,-4.5447e-06,0,0.0031718,5.5576e-09,86966,-2.1715,1,0.2964,0.2464,0.05001,0
0.30296,-4.3551e-06,0,0.0031706,5.551e-09,86966,-2.1718,1,0.2967,0.2467,0.05001,0
0.30293,-4.1655e-06,0,0.0031695,5.5444e-09,86966,-2.172,1,0.297,0.247,0.05001,0
0.3029,-3.9758e-06,0,0.0031683,5.5378e-09,86966,-2.1722,1,0.2973,0.2473,0.05001,0
0.30287,-3.7862e-06,0,0.0031672,5.5312e-09,86966,-2.1724,1,0.2976,0.2476,0.05001,0
0.30284,-3.5966e-06,0,0.003166,5.5246e-09,86966,-2.1726,1,0.2979,0.2479,0.05001,0
0.30282,-3.4069e-06,0,0.0031649,5.518e-09,86966,-2.1728,1,0.2982,0.2482,0.05001,0
0.30279,-3.2173e-06,0,0.0031637,5.5114e-09,86966,-2.173,1,0.2985,0.2485,0.05001,0
0.30276,-3.0672e-06,0,0.0031626,5.5048e-09,86966,-2.1733,1,0.2988,0.2488,0.05001,0
0.30273,-3.2257e-06,0,0.0031614,5.498e-09,86966,-2.1735,1,0.2991,0.2491,0.05001,0
0.3027,-3.3842e-06,0,0.0031602,5.4912e-09,86966,-2.1737,1,0.2994,0.2494,0.05001,0
0.30267,-3.5427e-06,0,0.0031589,5.4845e-09,86966,-2.174,1,0.2997,0.2497,0.05001,0
0.30264,-3.7012e-06,0,0.0031577,5.4777e-09,86966,-2.1742,1,0.3,0.25,0.05001,0
